"X2","N.004","äÁ","X","X.1","X.2","X.3","X.4","X.5","X.6","X.7","X.8","X.9","X.10","X.11","X.12","X.13","X.14","X.15","X.16","X.17","X.18","X.19","X.20","X.21","X.22","X.23","X1éqâπ","X.24","X.25","X.26","X.27","X1ïÍâπ","X.28","X.29","X.30","X.31","X2éqâπ","X.32","X.33","X.34","X.35","X2ïÍâπ","X.36","X.37","X.38","X.39","X3éqâπ","X.40","X.41","X.42","X.43","X3ïÍâπ","X.44","X.45","X.46","X.47","X4éqâπ","X.48","X.49","X.50","X.51","X4ïÍâπ","X.52","X.53","X.54","X.55","X5éqâπ","X.56","X.57","X.58","X.59","X5ïÍâπ","X.60","X.61","X.62","X.63","X6éqâπ","X.64","X.65","X.66","X.67","X6ïÍâπ","X.68","X.69","X.70","X.71","X7éqâπ","X.72","X.73","X.74","X.75","X7ïÍâπ","X.76","X.77","X.78","X.79","X8éqâπ","X.80","X.81","X.82","X.83","X8ïÍâπ","X.84","X.85","X.86","X.87","X1éqâπ.1","X.88","X.89","X.90","X.91","X1ïÍâπ.1","X.92","X.93","X.94","X.95","X2éqâπ.1","X.96","X.97","X.98","X.99","X2ïÍâπ.1","X.100","X.101","X.102","X.103","X3éqâπ.1","X.104","X.105","X.106","X.107","X3ïÍâπ.1","X.108","X.109","X.110","X.111","X4éqâπ.1","X.112","X.113","X.114","X.115","X4ïÍâπ.1","X.116","X.117","X.118","X.119","X5éqâπ.1","X.120","X.121","X.122","X.123","X5ïÍâπ.1","X.124","X.125","X.126","X.127","X6éqâπ.1","X.128","X.129","X.130","X.131","X6ïÍâπ.1","X.132","X.133","X.134","X.135","X7éqâπ.1","X.136","X.137","X.138","X.139","X7ïÍâπ.1","X.140","X.141","X.142","X.143","X8éqâπ.1","X.144","X.145","X.146","X.147","X8ïÍâπ.1","X.148","X.149","X.150","X.151"
"í Çµî‘çÜ","ínì_ñºãLçÜ","åªésí¨ë∫ñº","ï\é¶óp","âπÇÃå^","âπêﬂ","ÉÇÅ[Éâ","ÉAÉNÉZÉìÉg","ëcåÍå`","ëSåÍå`","åÍå`","1éqâπ","1ïÍâπ","2éqâπ","2ïÍâπ","3éqâπ","3ïÍâπ","4éqâπ","4ïÍâπ","5éqâπ","5ïÍâπ","6éqâπ","6ïÍâπ","7éqâπ","7ïÍâπ","8éqâπ","8ïÍâπ","à íu","ï˚ñ@","å˚äWÅEâ~êO","çAì™âª","ê∫ë—êUìÆ","í∑Ç≥","å˚ÇÃäJÇ´","ê„ÇÃà íu","êOÇÃèÛë‘","ñ≥ê∫ï@âπ","à íu","ï˚ñ@","å˚äWÅEâ~êO","çAì™âª","ê∫ë—êUìÆ","í∑Ç≥","å˚ÇÃäJÇ´","ê„ÇÃà íu","êOÇÃèÛë‘","ñ≥ê∫ï@âπ","à íu","ï˚ñ@","å˚äWÅEâ~êO","çAì™âª","ê∫ë—êUìÆ","í∑Ç≥","å˚ÇÃäJÇ´","ê„ÇÃà íu","êOÇÃèÛë‘","ñ≥ê∫ï@âπ","à íu","ï˚ñ@","å˚äWÅEâ~êO","çAì™âª","ê∫ë—êUìÆ","í∑Ç≥","å˚ÇÃäJÇ´","ê„ÇÃà íu","êOÇÃèÛë‘","ñ≥ê∫ï@âπ","à íu","ï˚ñ@","å˚äWÅEâ~êO","çAì™âª","ê∫ë—êUìÆ","í∑Ç≥","å˚ÇÃäJÇ´","ê„ÇÃà íu","êOÇÃèÛë‘","ñ≥ê∫ï@âπ","à íu","ï˚ñ@","å˚äWÅEâ~êO","çAì™âª","ê∫ë—êUìÆ","í∑Ç≥","å˚ÇÃäJÇ´","ê„ÇÃà íu","êOÇÃèÛë‘","ñ≥ê∫ï@âπ","à íu","ï˚ñ@","å˚äWÅEâ~êO","çAì™âª","ê∫ë—êUìÆ","í∑Ç≥","å˚ÇÃäJÇ´","ê„ÇÃà íu","êOÇÃèÛë‘","ñ≥ê∫ï@âπ","à íu","ï˚ñ@","å˚äWÅEâ~êO","çAì™âª","ê∫ë—êUìÆ","í∑Ç≥","å˚ÇÃäJÇ´","ê„ÇÃà íu","êOÇÃèÛë‘","ñ≥ê∫ï@âπ","à íu","ï˚ñ@","å˚äWÅEâ~êO","çAì™âª","ê∫ë—êUìÆ","í∑Ç≥","å˚ÇÃäJÇ´","ê„ÇÃà íu","êOÇÃèÛë‘","ñ≥ê∫ï@âπ","à íu","ï˚ñ@","å˚äWÅEâ~êO","çAì™âª","ê∫ë—êUìÆ","í∑Ç≥","å˚ÇÃäJÇ´","ê„ÇÃà íu","êOÇÃèÛë‘","ñ≥ê∫ï@âπ","à íu","ï˚ñ@","å˚äWÅEâ~êO","çAì™âª","ê∫ë—êUìÆ","í∑Ç≥","å˚ÇÃäJÇ´","ê„ÇÃà íu","êOÇÃèÛë‘","ñ≥ê∫ï@âπ","à íu","ï˚ñ@","å˚äWÅEâ~êO","çAì™âª","ê∫ë—êUìÆ","í∑Ç≥","å˚ÇÃäJÇ´","ê„ÇÃà íu","êOÇÃèÛë‘","ñ≥ê∫ï@âπ","à íu","ï˚ñ@","å˚äWÅEâ~êO","çAì™âª","ê∫ë—êUìÆ","í∑Ç≥","å˚ÇÃäJÇ´","ê„ÇÃà íu","êOÇÃèÛë‘","ñ≥ê∫ï@âπ","à íu","ï˚ñ@","å˚äWÅEâ~êO","çAì™âª","ê∫ë—êUìÆ","í∑Ç≥","å˚ÇÃäJÇ´","ê„ÇÃà íu","êOÇÃèÛë‘","ñ≥ê∫ï@âπ","à íu","ï˚ñ@","å˚äWÅEâ~êO","çAì™âª","ê∫ë—êUìÆ","í∑Ç≥","å˚ÇÃäJÇ´","ê„ÇÃà íu","êOÇÃèÛë‘","ñ≥ê∫ï@âπ","à íu","ï˚ñ@","å˚äWÅEâ~êO","çAì™âª","ê∫ë—êUìÆ","í∑Ç≥","å˚ÇÃäJÇ´","ê„ÇÃà íu","êOÇÃèÛë‘","ñ≥ê∫ï@âπ"
"000","","ëzíËå`","ëzíËå`","7","3","3","","ÇﬂÇœÇ»","mepana","mepana","m","e","p","a","n","a",".",".",".",".",".",".",".",".",".",".","1","4","0","0","0","1","5","1","1","0","1","1","0","0","1","1","4","3","1","0","4","4","0","0","0","1","4","3","1","0",".",".",".",".",".",".",".",".",".",".",".",".",".",".",".",".",".",".",".",".",".",".",".",".",".",".",".",".",".",".",".",".",".",".",".",".",".",".",".",".",".",".",".",".",".",".",".",".",".",".","10000000000000001","10001000","100001","1001","101","10000001","110000","10001","101","101","10000000000000001","10000001","100001","1001","110","10000001","101000","10100","101","101","10000000000001000","10001000","100001","1001","101","10000001","101000","10100","101","101",".",".",".",".",".",".",".",".",".",".",".",".",".",".",".",".",".",".",".",".",".",".",".",".",".",".",".",".",".",".",".",".",".",".",".",".",".",".",".",".",".",".",".",".",".",".",".",".",".","."
"001","KA05","ãåä}óòí¨ä}óò","âÇî¸ä}óò","-9","-9","-9","","-9","____ra","-9","-9","-9","-9","-9",".",".",".",".",".",".",".",".",".",".",".",".","-9","-9","-9","-9","-9","-9","-9","-9","-9","-9","-9","-9","-9","-9","-9","-9","-9","-9","-9","-9",".",".",".",".",".",".",".",".",".",".",".",".",".",".",".",".",".",".",".",".",".",".",".",".",".",".",".",".",".",".",".",".",".",".",".",".",".",".",".",".",".",".",".",".",".",".",".",".",".",".",".",".",".",".",".",".",".",".",".",".","?????????????????","????????","??????","????","???","????????","??????","?????","???","???","?????????????????","????????","??????","????","???","????????","??????","?????","???","???",".",".",".",".",".",".",".",".",".",".",".",".",".",".",".",".",".",".",".",".",".",".",".",".",".",".",".",".",".",".",".",".",".",".",".",".",".",".",".",".",".",".",".",".",".",".",".",".",".",".",".",".",".",".",".",".",".",".",".","."
"002","NZ17","ãåñºê£ésã‡ãv","âÇî¸ã‡ãv","-9","-9","-9","","-9","t_i_ra/k_a_o(è„ïi)","-9","-9","-9","-9","-9",".",".",".",".",".",".",".",".",".",".",".",".","-9","-9","-9","-9","-9","-9","-9","-9","-9","-9","-9","-9","-9","-9","-9","-9","-9","-9","-9","-9",".",".",".",".",".",".",".",".",".",".",".",".",".",".",".",".",".",".",".",".",".",".",".",".",".",".",".",".",".",".",".",".",".",".",".",".",".",".",".",".",".",".",".",".",".",".",".",".",".",".",".",".",".",".",".",".",".",".",".",".","?????????????????","????????","??????","????","???","????????","??????","?????","???","???","?????????????????","????????","??????","????","???","????????","??????","?????","???","???",".",".",".",".",".",".",".",".",".",".",".",".",".",".",".",".",".",".",".",".",".",".",".",".",".",".",".",".",".",".",".",".",".",".",".",".",".",".",".",".",".",".",".",".",".",".",".",".",".",".",".",".",".",".",".",".",".",".",".","."
"003","KM05","ó¥ãΩí¨íÜèü","âÇî¸íÜèü","-9","-9","-9","","-9","___ra","-9","-9","-9","-9","-9",".",".",".",".",".",".",".",".",".",".",".",".","-9","-9","-9","-9","-9","-9","-9","-9","-9","-9","-9","-9","-9","-9","-9","-9","-9","-9","-9","-9",".",".",".",".",".",".",".",".",".",".",".",".",".",".",".",".",".",".",".",".",".",".",".",".",".",".",".",".",".",".",".",".",".",".",".",".",".",".",".",".",".",".",".",".",".",".",".",".",".",".",".",".",".",".",".",".",".",".",".",".","?????????????????","????????","??????","????","???","????????","??????","?????","???","???","?????????????????","????????","??????","????","???","????????","??????","?????","???","???",".",".",".",".",".",".",".",".",".",".",".",".",".",".",".",".",".",".",".",".",".",".",".",".",".",".",".",".",".",".",".",".",".",".",".",".",".",".",".",".",".",".",".",".",".",".",".",".",".",".",".",".",".",".",".",".",".",".",".","."
"004","YU04","ëÂòaë∫ëÂòaïl","âÇî¸ëÂòaïl","-9","-9","-9","","-9","_tz_ra/_ka_o(åh)/__omot_e(åh/ç≈è„)","-9","-9","-9","-9","-9",".",".",".",".",".",".",".",".",".",".",".",".","-9","-9","-9","-9","-9","-9","-9","-9","-9","-9","-9","-9","-9","-9","-9","-9","-9","-9","-9","-9",".",".",".",".",".",".",".",".",".",".",".",".",".",".",".",".",".",".",".",".",".",".",".",".",".",".",".",".",".",".",".",".",".",".",".",".",".",".",".",".",".",".",".",".",".",".",".",".",".",".",".",".",".",".",".",".",".",".",".",".","?????????????????","????????","??????","????","???","????????","??????","?????","???","???","?????????????????","????????","??????","????","???","????????","??????","?????","???","???",".",".",".",".",".",".",".",".",".",".",".",".",".",".",".",".",".",".",".",".",".",".",".",".",".",".",".",".",".",".",".",".",".",".",".",".",".",".",".",".",".",".",".",".",".",".",".",".",".",".",".",".",".",".",".",".",".",".",".","."
"005","SY08","èZópë∫êºíáä‘","âÇî¸êºíáä‘","-9","-9","-9","","-9","___ra/___ra","-9","-9","-9","-9","-9",".",".",".",".",".",".",".",".",".",".",".",".","-9","-9","-9","-9","-9","-9","-9","-9","-9","-9","-9","-9","-9","-9","-9","-9","-9","-9","-9","-9",".",".",".",".",".",".",".",".",".",".",".",".",".",".",".",".",".",".",".",".",".",".",".",".",".",".",".",".",".",".",".",".",".",".",".",".",".",".",".",".",".",".",".",".",".",".",".",".",".",".",".",".",".",".",".",".",".",".",".",".","?????????????????","????????","??????","????","???","????????","??????","?????","???","???","?????????????????","????????","??????","????","???","????????","??????","?????","???","???",".",".",".",".",".",".",".",".",".",".",".",".",".",".",".",".",".",".",".",".",".",".",".",".",".",".",".",".",".",".",".",".",".",".",".",".",".",".",".",".",".",".",".",".",".",".",".",".",".",".",".",".",".",".",".",".",".",".",".","."
"006","YU18","âFåüë∫âFåü","âÇî¸âFåü","-9","-9","-9","","-9","_t___ra/_t___ra_","-9","-9","-9","-9","-9",".",".",".",".",".",".",".",".",".",".",".",".","-9","-9","-9","-9","-9","-9","-9","-9","-9","-9","-9","-9","-9","-9","-9","-9","-9","-9","-9","-9",".",".",".",".",".",".",".",".",".",".",".",".",".",".",".",".",".",".",".",".",".",".",".",".",".",".",".",".",".",".",".",".",".",".",".",".",".",".",".",".",".",".",".",".",".",".",".",".",".",".",".",".",".",".",".",".",".",".",".",".","?????????????????","????????","??????","????","???","????????","??????","?????","???","???","?????????????????","????????","??????","????","???","????????","??????","?????","???","???",".",".",".",".",".",".",".",".",".",".",".",".",".",".",".",".",".",".",".",".",".",".",".",".",".",".",".",".",".",".",".",".",".",".",".",".",".",".",".",".",".",".",".",".",".",".",".",".",".",".",".",".",".",".",".",".",".",".",".","."
"007","AN05","ê£åÀì‡í¨ä«ì›","ê£åÀä«ì›","-9","-9","-9","","-9","t_i_ra__","-9","-9","-9","-9","-9",".",".",".",".",".",".",".",".",".",".",".",".","-9","-9","-9","-9","-9","-9","-9","-9","-9","-9","-9","-9","-9","-9","-9","-9","-9","-9","-9","-9",".",".",".",".",".",".",".",".",".",".",".",".",".",".",".",".",".",".",".",".",".",".",".",".",".",".",".",".",".",".",".",".",".",".",".",".",".",".",".",".",".",".",".",".",".",".",".",".",".",".",".",".",".",".",".",".",".",".",".",".","?????????????????","????????","??????","????","???","????????","??????","?????","???","???","?????????????????","????????","??????","????","???","????????","??????","?????","???","???",".",".",".",".",".",".",".",".",".",".",".",".",".",".",".",".",".",".",".",".",".",".",".",".",".",".",".",".",".",".",".",".",".",".",".",".",".",".",".",".",".",".",".",".",".",".",".",".",".",".",".",".",".",".",".",".",".",".",".","."
"008","AN13","ê£åÀì‡í¨ïêñº","ê£åÀïêñº","-9","-9","-9","","-9","__t__ra_/_kao(êV)","-9","-9","-9","-9","-9",".",".",".",".",".",".",".",".",".",".",".",".","-9","-9","-9","-9","-9","-9","-9","-9","-9","-9","-9","-9","-9","-9","-9","-9","-9","-9","-9","-9",".",".",".",".",".",".",".",".",".",".",".",".",".",".",".",".",".",".",".",".",".",".",".",".",".",".",".",".",".",".",".",".",".",".",".",".",".",".",".",".",".",".",".",".",".",".",".",".",".",".",".",".",".",".",".",".",".",".",".",".","?????????????????","????????","??????","????","???","????????","??????","?????","???","???","?????????????????","????????","??????","????","???","????????","??????","?????","???","???",".",".",".",".",".",".",".",".",".",".",".",".",".",".",".",".",".",".",".",".",".",".",".",".",".",".",".",".",".",".",".",".",".",".",".",".",".",".",".",".",".",".",".",".",".",".",".",".",".",".",".",".",".",".",".",".",".",".",".","."
"009","AH14","ê£åÀì‡í¨â√ìS","ê£åÀâ√ìS","-9","-9","-9","","-9","_t___ra","-9","-9","-9","-9","-9",".",".",".",".",".",".",".",".",".",".",".",".","-9","-9","-9","-9","-9","-9","-9","-9","-9","-9","-9","-9","-9","-9","-9","-9","-9","-9","-9","-9",".",".",".",".",".",".",".",".",".",".",".",".",".",".",".",".",".",".",".",".",".",".",".",".",".",".",".",".",".",".",".",".",".",".",".",".",".",".",".",".",".",".",".",".",".",".",".",".",".",".",".",".",".",".",".",".",".",".",".",".","?????????????????","????????","??????","????","???","????????","??????","?????","???","???","?????????????????","????????","??????","????","???","????????","??????","?????","???","???",".",".",".",".",".",".",".",".",".",".",".",".",".",".",".",".",".",".",".",".",".",".",".",".",".",".",".",".",".",".",".",".",".",".",".",".",".",".",".",".",".",".",".",".",".",".",".",".",".",".",".",".",".",".",".",".",".",".",".","."
"010","AH15","ê£åÀì‡í¨ìnòA","ê£åÀìnòA","-9","-9","-9","","-9","t___ra_","-9","-9","-9","-9","-9",".",".",".",".",".",".",".",".",".",".",".",".","-9","-9","-9","-9","-9","-9","-9","-9","-9","-9","-9","-9","-9","-9","-9","-9","-9","-9","-9","-9",".",".",".",".",".",".",".",".",".",".",".",".",".",".",".",".",".",".",".",".",".",".",".",".",".",".",".",".",".",".",".",".",".",".",".",".",".",".",".",".",".",".",".",".",".",".",".",".",".",".",".",".",".",".",".",".",".",".",".",".","?????????????????","????????","??????","????","???","????????","??????","?????","???","???","?????????????????","????????","??????","????","???","????????","??????","?????","???","???",".",".",".",".",".",".",".",".",".",".",".",".",".",".",".",".",".",".",".",".",".",".",".",".",".",".",".",".",".",".",".",".",".",".",".",".",".",".",".",".",".",".",".",".",".",".",".",".",".",".",".",".",".",".",".",".",".",".",".","."
"011","KK01","äÏäEí¨éuåÀâ±","äÏäEéuåÀâ±","-9","-9","-9","","-9","t_su_ra","-9","-9","-9","-9","-9",".",".",".",".",".",".",".",".",".",".",".",".","-9","-9","-9","-9","-9","-9","-9","-9","-9","-9","-9","-9","-9","-9","-9","-9","-9","-9","-9","-9",".",".",".",".",".",".",".",".",".",".",".",".",".",".",".",".",".",".",".",".",".",".",".",".",".",".",".",".",".",".",".",".",".",".",".",".",".",".",".",".",".",".",".",".",".",".",".",".",".",".",".",".",".",".",".",".",".",".",".",".","?????????????????","????????","??????","????","???","????????","??????","?????","???","???","?????????????????","????????","??????","????","???","????????","??????","?????","???","???",".",".",".",".",".",".",".",".",".",".",".",".",".",".",".",".",".",".",".",".",".",".",".",".",".",".",".",".",".",".",".",".",".",".",".",".",".",".",".",".",".",".",".",".",".",".",".",".",".",".",".",".",".",".",".",".",".",".",".","."
"012","KK12","äÏäEí¨à¢ì`","äÏäEà¢ì`","-9","-9","-9","","-9","t_u_ra","-9","-9","-9","-9","-9",".",".",".",".",".",".",".",".",".",".",".",".","-9","-9","-9","-9","-9","-9","-9","-9","-9","-9","-9","-9","-9","-9","-9","-9","-9","-9","-9","-9",".",".",".",".",".",".",".",".",".",".",".",".",".",".",".",".",".",".",".",".",".",".",".",".",".",".",".",".",".",".",".",".",".",".",".",".",".",".",".",".",".",".",".",".",".",".",".",".",".",".",".",".",".",".",".",".",".",".",".",".","?????????????????","????????","??????","????","???","????????","??????","?????","???","???","?????????????????","????????","??????","????","???","????????","??????","?????","???","???",".",".",".",".",".",".",".",".",".",".",".",".",".",".",".",".",".",".",".",".",".",".",".",".",".",".",".",".",".",".",".",".",".",".",".",".",".",".",".",".",".",".",".",".",".",".",".",".",".",".",".",".",".",".",".",".",".",".",".","."
"013","KK22","äÏäEí¨òp","äÏäEòp","-9","-9","-9","","-9","t_u_ra","-9","-9","-9","-9","-9",".",".",".",".",".",".",".",".",".",".",".",".","-9","-9","-9","-9","-9","-9","-9","-9","-9","-9","-9","-9","-9","-9","-9","-9","-9","-9","-9","-9",".",".",".",".",".",".",".",".",".",".",".",".",".",".",".",".",".",".",".",".",".",".",".",".",".",".",".",".",".",".",".",".",".",".",".",".",".",".",".",".",".",".",".",".",".",".",".",".",".",".",".",".",".",".",".",".",".",".",".",".","?????????????????","????????","??????","????","???","????????","??????","?????","???","???","?????????????????","????????","??????","????","???","????????","??????","?????","???","???",".",".",".",".",".",".",".",".",".",".",".",".",".",".",".",".",".",".",".",".",".",".",".",".",".",".",".",".",".",".",".",".",".",".",".",".",".",".",".",".",".",".",".",".",".",".",".",".",".",".",".",".",".",".",".",".",".",".",".","."
"014","NM04","ìVèÈí¨êÛä‘","ìøîVêÛä‘","-9","-9","-9","","-9","___ra__","-9","-9","-9","-9","-9",".",".",".",".",".",".",".",".",".",".",".",".","-9","-9","-9","-9","-9","-9","-9","-9","-9","-9","-9","-9","-9","-9","-9","-9","-9","-9","-9","-9",".",".",".",".",".",".",".",".",".",".",".",".",".",".",".",".",".",".",".",".",".",".",".",".",".",".",".",".",".",".",".",".",".",".",".",".",".",".",".",".",".",".",".",".",".",".",".",".",".",".",".",".",".",".",".",".",".",".",".",".","?????????????????","????????","??????","????","???","????????","??????","?????","???","???","?????????????????","????????","??????","????","???","????????","??????","?????","???","???",".",".",".",".",".",".",".",".",".",".",".",".",".",".",".",".",".",".",".",".",".",".",".",".",".",".",".",".",".",".",".",".",".",".",".",".",".",".",".",".",".",".",".",".",".",".",".",".",".",".",".",".",".",".",".",".",".",".",".","."
"015","TH03","ìøîVìáí¨ãTìø","ìøîVãTìø","-9","-9","-9","","-9","___ra","-9","-9","-9","-9","-9",".",".",".",".",".",".",".",".",".",".",".",".","-9","-9","-9","-9","-9","-9","-9","-9","-9","-9","-9","-9","-9","-9","-9","-9","-9","-9","-9","-9",".",".",".",".",".",".",".",".",".",".",".",".",".",".",".",".",".",".",".",".",".",".",".",".",".",".",".",".",".",".",".",".",".",".",".",".",".",".",".",".",".",".",".",".",".",".",".",".",".",".",".",".",".",".",".",".",".",".",".",".","?????????????????","????????","??????","????","???","????????","??????","?????","???","???","?????????????????","????????","??????","????","???","????????","??????","?????","???","???",".",".",".",".",".",".",".",".",".",".",".",".",".",".",".",".",".",".",".",".",".",".",".",".",".",".",".",".",".",".",".",".",".",".",".",".",".",".",".",".",".",".",".",".",".",".",".",".",".",".",".",".",".",".",".",".",".",".",".","."
"016","OM03","à…êÂí¨à…êÂ","ìøîVà…êÂ","-9","-9","-9","","-9","___ra","-9","-9","-9","-9","-9",".",".",".",".",".",".",".",".",".",".",".",".","-9","-9","-9","-9","-9","-9","-9","-9","-9","-9","-9","-9","-9","-9","-9","-9","-9","-9","-9","-9",".",".",".",".",".",".",".",".",".",".",".",".",".",".",".",".",".",".",".",".",".",".",".",".",".",".",".",".",".",".",".",".",".",".",".",".",".",".",".",".",".",".",".",".",".",".",".",".",".",".",".",".",".",".",".",".",".",".",".",".","?????????????????","????????","??????","????","???","????????","??????","?????","???","???","?????????????????","????????","??????","????","???","????????","??????","?????","???","???",".",".",".",".",".",".",".",".",".",".",".",".",".",".",".",".",".",".",".",".",".",".",".",".",".",".",".",".",".",".",".",".",".",".",".",".",".",".",".",".",".",".",".",".",".",".",".",".",".",".",".",".",".",".",".",".",".",".",".","."
"017","OK02","òaîëí¨òaîë","â´âiòaîë","-9","-9","-9","","-9","_i_ra__","-9","-9","-9","-9","-9",".",".",".",".",".",".",".",".",".",".",".",".","-9","-9","-9","-9","-9","-9","-9","-9","-9","-9","-9","-9","-9","-9","-9","-9","-9","-9","-9","-9",".",".",".",".",".",".",".",".",".",".",".",".",".",".",".",".",".",".",".",".",".",".",".",".",".",".",".",".",".",".",".",".",".",".",".",".",".",".",".",".",".",".",".",".",".",".",".",".",".",".",".",".",".",".",".",".",".",".",".",".","?????????????????","????????","??????","????","???","????????","??????","?????","???","???","?????????????????","????????","??????","????","???","????????","??????","?????","???","???",".",".",".",".",".",".",".",".",".",".",".",".",".",".",".",".",".",".",".",".",".",".",".",".",".",".",".",".",".",".",".",".",".",".",".",".",".",".",".",".",".",".",".",".",".",".",".",".",".",".",".",".",".",".",".",".",".",".",".","."
"018","OK06","ímñºí¨ímñº","â´âiímñº","-9","-9","-9","","-9","_i_ra_","-9","-9","-9","-9","-9",".",".",".",".",".",".",".",".",".",".",".",".","-9","-9","-9","-9","-9","-9","-9","-9","-9","-9","-9","-9","-9","-9","-9","-9","-9","-9","-9","-9",".",".",".",".",".",".",".",".",".",".",".",".",".",".",".",".",".",".",".",".",".",".",".",".",".",".",".",".",".",".",".",".",".",".",".",".",".",".",".",".",".",".",".",".",".",".",".",".",".",".",".",".",".",".",".",".",".",".",".",".","?????????????????","????????","??????","????","???","????????","??????","?????","???","???","?????????????????","????????","??????","????","???","????????","??????","?????","???","???",".",".",".",".",".",".",".",".",".",".",".",".",".",".",".",".",".",".",".",".",".",".",".",".",".",".",".",".",".",".",".",".",".",".",".",".",".",".",".",".",".",".",".",".",".",".",".",".",".",".",".",".",".",".",".",".",".",".",".","."
"019","YR01","ó^ò_í¨íÉâ‘","ó^ò_íÉâ‘","-9","-9","-9","","-9","__ira","-9","-9","-9","-9","-9",".",".",".",".",".",".",".",".",".",".",".",".","-9","-9","-9","-9","-9","-9","-9","-9","-9","-9","-9","-9","-9","-9","-9","-9","-9","-9","-9","-9",".",".",".",".",".",".",".",".",".",".",".",".",".",".",".",".",".",".",".",".",".",".",".",".",".",".",".",".",".",".",".",".",".",".",".",".",".",".",".",".",".",".",".",".",".",".",".",".",".",".",".",".",".",".",".",".",".",".",".",".","?????????????????","????????","??????","????","???","????????","??????","?????","???","???","?????????????????","????????","??????","????","???","????????","??????","?????","???","???",".",".",".",".",".",".",".",".",".",".",".",".",".",".",".",".",".",".",".",".",".",".",".",".",".",".",".",".",".",".",".",".",".",".",".",".",".",".",".",".",".",".",".",".",".",".",".",".",".",".",".",".",".",".",".",".",".",".",".","."
"020","IH02","à…ïΩâÆë∫â‰äÏâÆ","à…ïΩâ‰äÏâÆ","-9","-9","-9","","-9","_ira__","-9","-9","-9","-9","-9",".",".",".",".",".",".",".",".",".",".",".",".","-9","-9","-9","-9","-9","-9","-9","-9","-9","-9","-9","-9","-9","-9","-9","-9","-9","-9","-9","-9",".",".",".",".",".",".",".",".",".",".",".",".",".",".",".",".",".",".",".",".",".",".",".",".",".",".",".",".",".",".",".",".",".",".",".",".",".",".",".",".",".",".",".",".",".",".",".",".",".",".",".",".",".",".",".",".",".",".",".",".","?????????????????","????????","??????","????","???","????????","??????","?????","???","???","?????????????????","????????","??????","????","???","????????","??????","?????","???","???",".",".",".",".",".",".",".",".",".",".",".",".",".",".",".",".",".",".",".",".",".",".",".",".",".",".",".",".",".",".",".",".",".",".",".",".",".",".",".",".",".",".",".",".",".",".",".",".",".",".",".",".",".",".",".",".",".",".",".","."
"021","IZ01","à…ê•ñºë∫èîå©","à…ê•èîå©","-9","-9","-9","","-9","__ira_","-9","-9","-9","-9","-9",".",".",".",".",".",".",".",".",".",".",".",".","-9","-9","-9","-9","-9","-9","-9","-9","-9","-9","-9","-9","-9","-9","-9","-9","-9","-9","-9","-9",".",".",".",".",".",".",".",".",".",".",".",".",".",".",".",".",".",".",".",".",".",".",".",".",".",".",".",".",".",".",".",".",".",".",".",".",".",".",".",".",".",".",".",".",".",".",".",".",".",".",".",".",".",".",".",".",".",".",".",".","?????????????????","????????","??????","????","???","????????","??????","?????","???","???","?????????????????","????????","??????","????","???","????????","??????","?????","???","???",".",".",".",".",".",".",".",".",".",".",".",".",".",".",".",".",".",".",".",".",".",".",".",".",".",".",".",".",".",".",".",".",".",".",".",".",".",".",".",".",".",".",".",".",".",".",".",".",".",".",".",".",".",".",".",".",".",".",".","."
"022","IE02","à…ç]ë∫ìåç]ëO","à…ç]ìåç]ëO","-9","-9","-9","","-9","tsa__","-9","-9","-9","-9","-9",".",".",".",".",".",".",".",".",".",".",".",".","-9","-9","-9","-9","-9","-9","-9","-9","-9","-9","-9","-9","-9","-9","-9","-9","-9","-9","-9","-9",".",".",".",".",".",".",".",".",".",".",".",".",".",".",".",".",".",".",".",".",".",".",".",".",".",".",".",".",".",".",".",".",".",".",".",".",".",".",".",".",".",".",".",".",".",".",".",".",".",".",".",".",".",".",".",".",".",".",".",".","?????????????????","????????","??????","????","???","????????","??????","?????","???","???","?????????????????","????????","??????","????","???","????????","??????","?????","???","???",".",".",".",".",".",".",".",".",".",".",".",".",".",".",".",".",".",".",".",".",".",".",".",".",".",".",".",".",".",".",".",".",".",".",".",".",".",".",".",".",".",".",".",".",".",".",".",".",".",".",".",".",".",".",".",".",".",".",".","."
"023","KU14","çëì™ë∫ï”ìyñº","çëì™ï”ìyñº","-9","-9","-9","","-9","t__i_raÅ`_t__ira","-9","-9","-9","-9","-9",".",".",".",".",".",".",".",".",".",".",".",".","-9","-9","-9","-9","-9","-9","-9","-9","-9","-9","-9","-9","-9","-9","-9","-9","-9","-9","-9","-9",".",".",".",".",".",".",".",".",".",".",".",".",".",".",".",".",".",".",".",".",".",".",".",".",".",".",".",".",".",".",".",".",".",".",".",".",".",".",".",".",".",".",".",".",".",".",".",".",".",".",".",".",".",".",".",".",".",".",".",".","?????????????????","????????","??????","????","???","????????","??????","?????","???","???","?????????????????","????????","??????","????","???","????????","??????","?????","???","???",".",".",".",".",".",".",".",".",".",".",".",".",".",".",".",".",".",".",".",".",".",".",".",".",".",".",".",".",".",".",".",".",".",".",".",".",".",".",".",".",".",".",".",".",".",".",".",".",".",".",".",".",".",".",".",".",".",".",".","."
"024","KU08","çëì™ë∫ï”ñÏäÏ","çëì™ï”ñÏäÏ","-9","-9","-9","","-9","_tira","-9","-9","-9","-9","-9",".",".",".",".",".",".",".",".",".",".",".",".","-9","-9","-9","-9","-9","-9","-9","-9","-9","-9","-9","-9","-9","-9","-9","-9","-9","-9","-9","-9",".",".",".",".",".",".",".",".",".",".",".",".",".",".",".",".",".",".",".",".",".",".",".",".",".",".",".",".",".",".",".",".",".",".",".",".",".",".",".",".",".",".",".",".",".",".",".",".",".",".",".",".",".",".",".",".",".",".",".",".","?????????????????","????????","??????","????","???","????????","??????","?????","???","???","?????????????????","????????","??????","????","???","????????","??????","?????","???","???",".",".",".",".",".",".",".",".",".",".",".",".",".",".",".",".",".",".",".",".",".",".",".",".",".",".",".",".",".",".",".",".",".",".",".",".",".",".",".",".",".",".",".",".",".",".",".",".",".",".",".",".",".",".",".",".",".",".",".","."
"025","OG07","ëÂãXñ°ë∫ç™òHñ¡","ëÂãXç™òHñ¡","-9","-9","-9","","-9","_i_ra(tsira)","-9","-9","-9","-9","-9",".",".",".",".",".",".",".",".",".",".",".",".","-9","-9","-9","-9","-9","-9","-9","-9","-9","-9","-9","-9","-9","-9","-9","-9","-9","-9","-9","-9",".",".",".",".",".",".",".",".",".",".",".",".",".",".",".",".",".",".",".",".",".",".",".",".",".",".",".",".",".",".",".",".",".",".",".",".",".",".",".",".",".",".",".",".",".",".",".",".",".",".",".",".",".",".",".",".",".",".",".",".","?????????????????","????????","??????","????","???","????????","??????","?????","???","???","?????????????????","????????","??????","????","???","????????","??????","?????","???","???",".",".",".",".",".",".",".",".",".",".",".",".",".",".",".",".",".",".",".",".",".",".",".",".",".",".",".",".",".",".",".",".",".",".",".",".",".",".",".",".",".",".",".",".",".",".",".",".",".",".",".",".",".",".",".",".",".",".",".","."
"026","NN12","ç°ãAêmë∫ó^ìﬂó‰","ç°ãAó^ìﬂó‰","-9","-9","-9","","-9","t__ira__","-9","-9","-9","-9","-9",".",".",".",".",".",".",".",".",".",".",".",".","-9","-9","-9","-9","-9","-9","-9","-9","-9","-9","-9","-9","-9","-9","-9","-9","-9","-9","-9","-9",".",".",".",".",".",".",".",".",".",".",".",".",".",".",".",".",".",".",".",".",".",".",".",".",".",".",".",".",".",".",".",".",".",".",".",".",".",".",".",".",".",".",".",".",".",".",".",".",".",".",".",".",".",".",".",".",".",".",".",".","?????????????????","????????","??????","????","???","????????","??????","?????","???","???","?????????????????","????????","??????","????","???","????????","??????","?????","???","???",".",".",".",".",".",".",".",".",".",".",".",".",".",".",".",".",".",".",".",".",".",".",".",".",".",".",".",".",".",".",".",".",".",".",".",".",".",".",".",".",".",".",".",".",".",".",".",".",".",".",".",".",".",".",".",".",".",".",".","."
"027","MB02","ñ{ïîí¨îıê£","ñ{ïîîıê£","-9","-9","-9","","-9","t__i_ra_","-9","-9","-9","-9","-9",".",".",".",".",".",".",".",".",".",".",".",".","-9","-9","-9","-9","-9","-9","-9","-9","-9","-9","-9","-9","-9","-9","-9","-9","-9","-9","-9","-9",".",".",".",".",".",".",".",".",".",".",".",".",".",".",".",".",".",".",".",".",".",".",".",".",".",".",".",".",".",".",".",".",".",".",".",".",".",".",".",".",".",".",".",".",".",".",".",".",".",".",".",".",".",".",".",".",".",".",".",".","?????????????????","????????","??????","????","???","????????","??????","?????","???","???","?????????????????","????????","??????","????","???","????????","??????","?????","???","???",".",".",".",".",".",".",".",".",".",".",".",".",".",".",".",".",".",".",".",".",".",".",".",".",".",".",".",".",".",".",".",".",".",".",".",".",".",".",".",".",".",".",".",".",".",".",".",".",".",".",".",".",".",".",".",".",".",".",".","."
"028","MB06","ñ{ïîí¨ïlå≥","ñ{ïîïlå≥","-9","-9","-9","","-9","t__i_ra_","-9","-9","-9","-9","-9",".",".",".",".",".",".",".",".",".",".",".",".","-9","-9","-9","-9","-9","-9","-9","-9","-9","-9","-9","-9","-9","-9","-9","-9","-9","-9","-9","-9",".",".",".",".",".",".",".",".",".",".",".",".",".",".",".",".",".",".",".",".",".",".",".",".",".",".",".",".",".",".",".",".",".",".",".",".",".",".",".",".",".",".",".",".",".",".",".",".",".",".",".",".",".",".",".",".",".",".",".",".","?????????????????","????????","??????","????","???","????????","??????","?????","???","???","?????????????????","????????","??????","????","???","????????","??????","?????","???","???",".",".",".",".",".",".",".",".",".",".",".",".",".",".",".",".",".",".",".",".",".",".",".",".",".",".",".",".",".",".",".",".",".",".",".",".",".",".",".",".",".",".",".",".",".",".",".",".",".",".",".",".",".",".",".",".",".",".",".","."
"029","HJ08","ñºåÏésêÏè„","ñºåÏêÏè„","-9","-9","-9","","-9","t_i_ra__","-9","-9","-9","-9","-9",".",".",".",".",".",".",".",".",".",".",".",".","-9","-9","-9","-9","-9","-9","-9","-9","-9","-9","-9","-9","-9","-9","-9","-9","-9","-9","-9","-9",".",".",".",".",".",".",".",".",".",".",".",".",".",".",".",".",".",".",".",".",".",".",".",".",".",".",".",".",".",".",".",".",".",".",".",".",".",".",".",".",".",".",".",".",".",".",".",".",".",".",".",".",".",".",".",".",".",".",".",".","?????????????????","????????","??????","????","???","????????","??????","?????","???","???","?????????????????","????????","??????","????","???","????????","??????","?????","???","???",".",".",".",".",".",".",".",".",".",".",".",".",".",".",".",".",".",".",".",".",".",".",".",".",".",".",".",".",".",".",".",".",".",".",".",".",".",".",".",".",".",".",".",".",".",".",".",".",".",".",".",".",".",".",".",".",".",".",".","."
"030","NG06","ñºåÏésñºåÏ","ñºåÏëÂåì","-9","-9","-9","","-9","t_ira__Å^_ira__","-9","-9","-9","-9","-9",".",".",".",".",".",".",".",".",".",".",".",".","-9","-9","-9","-9","-9","-9","-9","-9","-9","-9","-9","-9","-9","-9","-9","-9","-9","-9","-9","-9",".",".",".",".",".",".",".",".",".",".",".",".",".",".",".",".",".",".",".",".",".",".",".",".",".",".",".",".",".",".",".",".",".",".",".",".",".",".",".",".",".",".",".",".",".",".",".",".",".",".",".",".",".",".",".",".",".",".",".",".","?????????????????","????????","??????","????","???","????????","??????","?????","???","???","?????????????????","????????","??????","????","???","????????","??????","?????","???","???",".",".",".",".",".",".",".",".",".",".",".",".",".",".",".",".",".",".",".",".",".",".",".",".",".",".",".",".",".",".",".",".",".",".",".",".",".",".",".",".",".",".",".",".",".",".",".",".",".",".",".",".",".",".",".",".",".",".",".","."
"031","ON04","â∂î[ë∫â∂î[","â∂î[â∂î[","-9","-9","-9","","-9","t_ira__Å^_ira__","-9","-9","-9","-9","-9",".",".",".",".",".",".",".",".",".",".",".",".","-9","-9","-9","-9","-9","-9","-9","-9","-9","-9","-9","-9","-9","-9","-9","-9","-9","-9","-9","-9",".",".",".",".",".",".",".",".",".",".",".",".",".",".",".",".",".",".",".",".",".",".",".",".",".",".",".",".",".",".",".",".",".",".",".",".",".",".",".",".",".",".",".",".",".",".",".",".",".",".",".",".",".",".",".",".",".",".",".",".","?????????????????","????????","??????","????","???","????????","??????","?????","???","???","?????????????????","????????","??????","????","???","????????","??????","?????","???","???",".",".",".",".",".",".",".",".",".",".",".",".",".",".",".",".",".",".",".",".",".",".",".",".",".",".",".",".",".",".",".",".",".",".",".",".",".",".",".",".",".",".",".",".",".",".",".",".",".",".",".",".",".",".",".",".",".",".",".","."
"032","KI06","ã‡ïêí¨ã‡ïê","ã‡ïêã‡ïê","-9","-9","-9","","-9","t_ira__Å^_ira__","-9","-9","-9","-9","-9",".",".",".",".",".",".",".",".",".",".",".",".","-9","-9","-9","-9","-9","-9","-9","-9","-9","-9","-9","-9","-9","-9","-9","-9","-9","-9","-9","-9",".",".",".",".",".",".",".",".",".",".",".",".",".",".",".",".",".",".",".",".",".",".",".",".",".",".",".",".",".",".",".",".",".",".",".",".",".",".",".",".",".",".",".",".",".",".",".",".",".",".",".",".",".",".",".",".",".",".",".",".","?????????????????","????????","??????","????","???","????????","??????","?????","???","???","?????????????????","????????","??????","????","???","????????","??????","?????","???","???",".",".",".",".",".",".",".",".",".",".",".",".",".",".",".",".",".",".",".",".",".",".",".",".",".",".",".",".",".",".",".",".",".",".",".",".",".",".",".",".",".",".",".",".",".",".",".",".",".",".",".",".",".",".",".",".",".",".",".","."
"033","YT15","ì«íJë∫å√åò","ì«íJå√åò","-9","-9","-9","","-9","_i_ra","-9","-9","-9","-9","-9",".",".",".",".",".",".",".",".",".",".",".",".","-9","-9","-9","-9","-9","-9","-9","-9","-9","-9","-9","-9","-9","-9","-9","-9","-9","-9","-9","-9",".",".",".",".",".",".",".",".",".",".",".",".",".",".",".",".",".",".",".",".",".",".",".",".",".",".",".",".",".",".",".",".",".",".",".",".",".",".",".",".",".",".",".",".",".",".",".",".",".",".",".",".",".",".",".",".",".",".",".",".","?????????????????","????????","??????","????","???","????????","??????","?????","???","???","?????????????????","????????","??????","????","???","????????","??????","?????","???","???",".",".",".",".",".",".",".",".",".",".",".",".",".",".",".",".",".",".",".",".",".",".",".",".",".",".",".",".",".",".",".",".",".",".",".",".",".",".",".",".",".",".",".",".",".",".",".",".",".",".",".",".",".",".",".",".",".",".",".","."
"034","MS01","ãåêŒêÏésêŒêÏ","êŒêÏêŒêÏ","-9","-9","-9","","-9","__ira","-9","-9","-9","-9","-9",".",".",".",".",".",".",".",".",".",".",".",".","-9","-9","-9","-9","-9","-9","-9","-9","-9","-9","-9","-9","-9","-9","-9","-9","-9","-9","-9","-9",".",".",".",".",".",".",".",".",".",".",".",".",".",".",".",".",".",".",".",".",".",".",".",".",".",".",".",".",".",".",".",".",".",".",".",".",".",".",".",".",".",".",".",".",".",".",".",".",".",".",".",".",".",".",".",".",".",".",".",".","?????????????????","????????","??????","????","???","????????","??????","?????","???","???","?????????????????","????????","??????","????","???","????????","??????","?????","???","???",".",".",".",".",".",".",".",".",".",".",".",".",".",".",".",".",".",".",".",".",".",".",".",".",".",".",".",".",".",".",".",".",".",".",".",".",".",".",".",".",".",".",".",".",".",".",".",".",".",".",".",".",".",".",".",".",".",".",".","."
"035","GK07","â´ìÍéså”âÆ","â´ìÍå”âÆ","-9","-9","-9","","-9","__ira","-9","-9","-9","-9","-9",".",".",".",".",".",".",".",".",".",".",".",".","-9","-9","-9","-9","-9","-9","-9","-9","-9","-9","-9","-9","-9","-9","-9","-9","-9","-9","-9","-9",".",".",".",".",".",".",".",".",".",".",".",".",".",".",".",".",".",".",".",".",".",".",".",".",".",".",".",".",".",".",".",".",".",".",".",".",".",".",".",".",".",".",".",".",".",".",".",".",".",".",".",".",".",".",".",".",".",".",".",".","?????????????????","????????","??????","????","???","????????","??????","?????","???","???","?????????????????","????????","??????","????","???","????????","??????","?????","???","???",".",".",".",".",".",".",".",".",".",".",".",".",".",".",".",".",".",".",".",".",".",".",".",".",".",".",".",".",".",".",".",".",".",".",".",".",".",".",".",".",".",".",".",".",".",".",".",".",".",".",".",".",".",".",".",".",".",".",".","."
"036","GS08","ãåãÔéuêÏésãÔéuêÏ","Ç§ÇÈãÔéuêÏ","-9","-9","-9","","-9","_i_ra","-9","-9","-9","-9","-9",".",".",".",".",".",".",".",".",".",".",".",".","-9","-9","-9","-9","-9","-9","-9","-9","-9","-9","-9","-9","-9","-9","-9","-9","-9","-9","-9","-9",".",".",".",".",".",".",".",".",".",".",".",".",".",".",".",".",".",".",".",".",".",".",".",".",".",".",".",".",".",".",".",".",".",".",".",".",".",".",".",".",".",".",".",".",".",".",".",".",".",".",".",".",".",".",".",".",".",".",".",".","?????????????????","????????","??????","????","???","????????","??????","?????","???","???","?????????????????","????????","??????","????","???","????????","??????","?????","???","???",".",".",".",".",".",".",".",".",".",".",".",".",".",".",".",".",".",".",".",".",".",".",".",".",".",".",".",".",".",".",".",".",".",".",".",".",".",".",".",".",".",".",".",".",".",".",".",".",".",".",".",".",".",".",".",".",".",".",".","."
"037","YN02","ãåèüòAí¨ó^ìﬂèÈ","Ç§ÇÈó^ìﬂèÈ","-9","-9","-9","","-9","_i_ra","-9","-9","-9","-9","-9",".",".",".",".",".",".",".",".",".",".",".",".","-9","-9","-9","-9","-9","-9","-9","-9","-9","-9","-9","-9","-9","-9","-9","-9","-9","-9","-9","-9",".",".",".",".",".",".",".",".",".",".",".",".",".",".",".",".",".",".",".",".",".",".",".",".",".",".",".",".",".",".",".",".",".",".",".",".",".",".",".",".",".",".",".",".",".",".",".",".",".",".",".",".",".",".",".",".",".",".",".",".","?????????????????","????????","??????","????","???","????????","??????","?????","???","???","?????????????????","????????","??????","????","???","????????","??????","?????","???","???",".",".",".",".",".",".",".",".",".",".",".",".",".",".",".",".",".",".",".",".",".",".",".",".",".",".",".",".",".",".",".",".",".",".",".",".",".",".",".",".",".",".",".",".",".",".",".",".",".",".",".",".",".",".",".",".",".",".",".","."
"038","YN09","ãåèüòAí¨ïΩà¿ç¿","Ç§ÇÈïΩà¿ç¿","-9","-9","-9","","-9","_i__ra","-9","-9","-9","-9","-9",".",".",".",".",".",".",".",".",".",".",".",".","-9","-9","-9","-9","-9","-9","-9","-9","-9","-9","-9","-9","-9","-9","-9","-9","-9","-9","-9","-9",".",".",".",".",".",".",".",".",".",".",".",".",".",".",".",".",".",".",".",".",".",".",".",".",".",".",".",".",".",".",".",".",".",".",".",".",".",".",".",".",".",".",".",".",".",".",".",".",".",".",".",".",".",".",".",".",".",".",".",".","?????????????????","????????","??????","????","???","????????","??????","?????","???","???","?????????????????","????????","??????","????","???","????????","??????","?????","???","???",".",".",".",".",".",".",".",".",".",".",".",".",".",".",".",".",".",".",".",".",".",".",".",".",".",".",".",".",".",".",".",".",".",".",".",".",".",".",".",".",".",".",".",".",".",".",".",".",".",".",".",".",".",".",".",".",".",".",".","."
"039","CT12","ñkíJí¨ñkíJ","ñkíJñkíJ","-9","-9","-9","","-9","_i_ra","-9","-9","-9","-9","-9",".",".",".",".",".",".",".",".",".",".",".",".","-9","-9","-9","-9","-9","-9","-9","-9","-9","-9","-9","-9","-9","-9","-9","-9","-9","-9","-9","-9",".",".",".",".",".",".",".",".",".",".",".",".",".",".",".",".",".",".",".",".",".",".",".",".",".",".",".",".",".",".",".",".",".",".",".",".",".",".",".",".",".",".",".",".",".",".",".",".",".",".",".",".",".",".",".",".",".",".",".",".","?????????????????","????????","??????","????","???","????????","??????","?????","???","???","?????????????????","????????","??????","????","???","????????","??????","?????","???","???",".",".",".",".",".",".",".",".",".",".",".",".",".",".",".",".",".",".",".",".",".",".",".",".",".",".",".",".",".",".",".",".",".",".",".",".",".",".",".",".",".",".",".",".",".",".",".",".",".",".",".",".",".",".",".",".",".",".",".","."
"040","NK17","íÜèÈë∫âÆãX","ñkíÜâÆãX","-9","-9","-9","","-9","__ira","-9","-9","-9","-9","-9",".",".",".",".",".",".",".",".",".",".",".",".","-9","-9","-9","-9","-9","-9","-9","-9","-9","-9","-9","-9","-9","-9","-9","-9","-9","-9","-9","-9",".",".",".",".",".",".",".",".",".",".",".",".",".",".",".",".",".",".",".",".",".",".",".",".",".",".",".",".",".",".",".",".",".",".",".",".",".",".",".",".",".",".",".",".",".",".",".",".",".",".",".",".",".",".",".",".",".",".",".",".","?????????????????","????????","??????","????","???","????????","??????","?????","???","???","?????????????????","????????","??????","????","???","????????","??????","?????","???","???",".",".",".",".",".",".",".",".",".",".",".",".",".",".",".",".",".",".",".",".",".",".",".",".",".",".",".",".",".",".",".",".",".",".",".",".",".",".",".",".",".",".",".",".",".",".",".",".",".",".",".",".",".",".",".",".",".",".",".","."
"041","GW01","ãXñÏòpésïÅìVä‘","ãXòpïÅìVä‘","-9","-9","-9","","-9","__ira","-9","-9","-9","-9","-9",".",".",".",".",".",".",".",".",".",".",".",".","-9","-9","-9","-9","-9","-9","-9","-9","-9","-9","-9","-9","-9","-9","-9","-9","-9","-9","-9","-9",".",".",".",".",".",".",".",".",".",".",".",".",".",".",".",".",".",".",".",".",".",".",".",".",".",".",".",".",".",".",".",".",".",".",".",".",".",".",".",".",".",".",".",".",".",".",".",".",".",".",".",".",".",".",".",".",".",".",".",".","?????????????????","????????","??????","????","???","????????","??????","?????","???","???","?????????????????","????????","??????","????","???","????????","??????","?????","???","???",".",".",".",".",".",".",".",".",".",".",".",".",".",".",".",".",".",".",".",".",".",".",".",".",".",".",".",".",".",".",".",".",".",".",".",".",".",".",".",".",".",".",".",".",".",".",".",".",".",".",".",".",".",".",".",".",".",".",".","."
"042","GW06","ãXñÏòpésëÂéR","ãXòpëÂéR","-9","-9","-9","","-9","__ira","-9","-9","-9","-9","-9",".",".",".",".",".",".",".",".",".",".",".",".","-9","-9","-9","-9","-9","-9","-9","-9","-9","-9","-9","-9","-9","-9","-9","-9","-9","-9","-9","-9",".",".",".",".",".",".",".",".",".",".",".",".",".",".",".",".",".",".",".",".",".",".",".",".",".",".",".",".",".",".",".",".",".",".",".",".",".",".",".",".",".",".",".",".",".",".",".",".",".",".",".",".",".",".",".",".",".",".",".",".","?????????????????","????????","??????","????","???","????????","??????","?????","???","???","?????????????????","????????","??????","????","???","????????","??????","?????","???","???",".",".",".",".",".",".",".",".",".",".",".",".",".",".",".",".",".",".",".",".",".",".",".",".",".",".",".",".",".",".",".",".",".",".",".",".",".",".",".",".",".",".",".",".",".",".",".",".",".",".",".",".",".",".",".",".",".",".",".","."
"043","US06","âYìYésà¿îgíÉ","âYìYà¿îgíÉ","-9","-9","-9","","-9","_i_ra","-9","-9","-9","-9","-9",".",".",".",".",".",".",".",".",".",".",".",".","-9","-9","-9","-9","-9","-9","-9","-9","-9","-9","-9","-9","-9","-9","-9","-9","-9","-9","-9","-9",".",".",".",".",".",".",".",".",".",".",".",".",".",".",".",".",".",".",".",".",".",".",".",".",".",".",".",".",".",".",".",".",".",".",".",".",".",".",".",".",".",".",".",".",".",".",".",".",".",".",".",".",".",".",".",".",".",".",".",".","?????????????????","????????","??????","????","???","????????","??????","?????","???","???","?????????????????","????????","??????","????","???","????????","??????","?????","???","???",".",".",".",".",".",".",".",".",".",".",".",".",".",".",".",".",".",".",".",".",".",".",".",".",".",".",".",".",".",".",".",".",".",".",".",".",".",".",".",".",".",".",".",".",".",".",".",".",".",".",".",".",".",".",".",".",".",".",".","."
"044","NH10","êºå¥í¨è¨îgí√","êºå¥è¨îgí√","-9","-9","-9","","-9","__i_ra","-9","-9","-9","-9","-9",".",".",".",".",".",".",".",".",".",".",".",".","-9","-9","-9","-9","-9","-9","-9","-9","-9","-9","-9","-9","-9","-9","-9","-9","-9","-9","-9","-9",".",".",".",".",".",".",".",".",".",".",".",".",".",".",".",".",".",".",".",".",".",".",".",".",".",".",".",".",".",".",".",".",".",".",".",".",".",".",".",".",".",".",".",".",".",".",".",".",".",".",".",".",".",".",".",".",".",".",".",".","?????????????????","????????","??????","????","???","????????","??????","?????","???","???","?????????????????","????????","??????","????","???","????????","??????","?????","???","???",".",".",".",".",".",".",".",".",".",".",".",".",".",".",".",".",".",".",".",".",".",".",".",".",".",".",".",".",".",".",".",".",".",".",".",".",".",".",".",".",".",".",".",".",".",".",".",".",".",".",".",".",".",".",".",".",".",".",".","."
"045","NK25","èüòAí¨í√åò","Ç§ÇÈí√åò","-9","-9","-9","","-9","_i_ra","-9","-9","-9","-9","-9",".",".",".",".",".",".",".",".",".",".",".",".","-9","-9","-9","-9","-9","-9","-9","-9","-9","-9","-9","-9","-9","-9","-9","-9","-9","-9","-9","-9",".",".",".",".",".",".",".",".",".",".",".",".",".",".",".",".",".",".",".",".",".",".",".",".",".",".",".",".",".",".",".",".",".",".",".",".",".",".",".",".",".",".",".",".",".",".",".",".",".",".",".",".",".",".",".",".",".",".",".",".","?????????????????","????????","??????","????","???","????????","??????","?????","???","???","?????????????????","????????","??????","????","???","????????","??????","?????","???","???",".",".",".",".",".",".",".",".",".",".",".",".",".",".",".",".",".",".",".",".",".",".",".",".",".",".",".",".",".",".",".",".",".",".",".",".",".",".",".",".",".",".",".",".",".",".",".",".",".",".",".",".",".",".",".",".",".",".",".","."
"046","MW03","ìﬂîeéséÒó¢ìñë†émë∞","ìﬂîeìñë†ém","-9","-9","-9","","-9","__ira","-9","-9","-9","-9","-9",".",".",".",".",".",".",".",".",".",".",".",".","-9","-9","-9","-9","-9","-9","-9","-9","-9","-9","-9","-9","-9","-9","-9","-9","-9","-9","-9","-9",".",".",".",".",".",".",".",".",".",".",".",".",".",".",".",".",".",".",".",".",".",".",".",".",".",".",".",".",".",".",".",".",".",".",".",".",".",".",".",".",".",".",".",".",".",".",".",".",".",".",".",".",".",".",".",".",".",".",".",".","?????????????????","????????","??????","????","???","????????","??????","?????","???","???","?????????????????","????????","??????","????","???","????????","??????","?????","???","???",".",".",".",".",".",".",".",".",".",".",".",".",".",".",".",".",".",".",".",".",".",".",".",".",".",".",".",".",".",".",".",".",".",".",".",".",".",".",".",".",".",".",".",".",".",".",".",".",".",".",".",".",".",".",".",".",".",".",".","."
"047","MW04","ìﬂîeéséÒó¢ìñë†","ìﬂîeìñë†ïΩ","-9","-9","-9","","-9","__ira","-9","-9","-9","-9","-9",".",".",".",".",".",".",".",".",".",".",".",".","-9","-9","-9","-9","-9","-9","-9","-9","-9","-9","-9","-9","-9","-9","-9","-9","-9","-9","-9","-9",".",".",".",".",".",".",".",".",".",".",".",".",".",".",".",".",".",".",".",".",".",".",".",".",".",".",".",".",".",".",".",".",".",".",".",".",".",".",".",".",".",".",".",".",".",".",".",".",".",".",".",".",".",".",".",".",".",".",".",".","?????????????????","????????","??????","????","???","????????","??????","?????","???","???","?????????????????","????????","??????","????","???","????????","??????","?????","???","???",".",".",".",".",".",".",".",".",".",".",".",".",".",".",".",".",".",".",".",".",".",".",".",".",".",".",".",".",".",".",".",".",".",".",".",".",".",".",".",".",".",".",".",".",".",".",".",".",".",".",".",".",".",".",".",".",".",".",".","."
"048","MW12","ìﬂîeésêÚçËémë∞","ìﬂîeêÚçËém","-9","-9","-9","","-9","_ira","-9","-9","-9","-9","-9",".",".",".",".",".",".",".",".",".",".",".",".","-9","-9","-9","-9","-9","-9","-9","-9","-9","-9","-9","-9","-9","-9","-9","-9","-9","-9","-9","-9",".",".",".",".",".",".",".",".",".",".",".",".",".",".",".",".",".",".",".",".",".",".",".",".",".",".",".",".",".",".",".",".",".",".",".",".",".",".",".",".",".",".",".",".",".",".",".",".",".",".",".",".",".",".",".",".",".",".",".",".","?????????????????","????????","??????","????","???","????????","??????","?????","???","???","?????????????????","????????","??????","????","???","????????","??????","?????","???","???",".",".",".",".",".",".",".",".",".",".",".",".",".",".",".",".",".",".",".",".",".",".",".",".",".",".",".",".",".",".",".",".",".",".",".",".",".",".",".",".",".",".",".",".",".",".",".",".",".",".",".",".",".",".",".",".",".",".",".","."
"049","MW13","ìﬂîeésêÚçË","ìﬂîeêÚçËïΩ","-9","-9","-9","","-9","_ira","-9","-9","-9","-9","-9",".",".",".",".",".",".",".",".",".",".",".",".","-9","-9","-9","-9","-9","-9","-9","-9","-9","-9","-9","-9","-9","-9","-9","-9","-9","-9","-9","-9",".",".",".",".",".",".",".",".",".",".",".",".",".",".",".",".",".",".",".",".",".",".",".",".",".",".",".",".",".",".",".",".",".",".",".",".",".",".",".",".",".",".",".",".",".",".",".",".",".",".",".",".",".",".",".",".",".",".",".",".","?????????????????","????????","??????","????","???","????????","??????","?????","???","???","?????????????????","????????","??????","????","???","????????","??????","?????","???","???",".",".",".",".",".",".",".",".",".",".",".",".",".",".",".",".",".",".",".",".",".",".",".",".",".",".",".",".",".",".",".",".",".",".",".",".",".",".",".",".",".",".",".",".",".",".",".",".",".",".",".",".",".",".",".",".",".",".",".","."
"050","MW09","ìﬂîeésà¿ó¢","ìﬂîeà¿ó¢","-9","-9","-9","","-9","__i_ra","-9","-9","-9","-9","-9",".",".",".",".",".",".",".",".",".",".",".",".","-9","-9","-9","-9","-9","-9","-9","-9","-9","-9","-9","-9","-9","-9","-9","-9","-9","-9","-9","-9",".",".",".",".",".",".",".",".",".",".",".",".",".",".",".",".",".",".",".",".",".",".",".",".",".",".",".",".",".",".",".",".",".",".",".",".",".",".",".",".",".",".",".",".",".",".",".",".",".",".",".",".",".",".",".",".",".",".",".",".","?????????????????","????????","??????","????","???","????????","??????","?????","???","???","?????????????????","????????","??????","????","???","????????","??????","?????","???","???",".",".",".",".",".",".",".",".",".",".",".",".",".",".",".",".",".",".",".",".",".",".",".",".",".",".",".",".",".",".",".",".",".",".",".",".",".",".",".",".",".",".",".",".",".",".",".",".",".",".",".",".",".",".",".",".",".",".",".","."
"051","HB04","ìÏïóå¥í¨åìèÈ","ìÏïóåìèÈ","-9","-9","-9","","-9","__ira","-9","-9","-9","-9","-9",".",".",".",".",".",".",".",".",".",".",".",".","-9","-9","-9","-9","-9","-9","-9","-9","-9","-9","-9","-9","-9","-9","-9","-9","-9","-9","-9","-9",".",".",".",".",".",".",".",".",".",".",".",".",".",".",".",".",".",".",".",".",".",".",".",".",".",".",".",".",".",".",".",".",".",".",".",".",".",".",".",".",".",".",".",".",".",".",".",".",".",".",".",".",".",".",".",".",".",".",".",".","?????????????????","????????","??????","????","???","????????","??????","?????","???","???","?????????????????","????????","??????","????","???","????????","??????","?????","???","???",".",".",".",".",".",".",".",".",".",".",".",".",".",".",".",".",".",".",".",".",".",".",".",".",".",".",".",".",".",".",".",".",".",".",".",".",".",".",".",".",".",".",".",".",".",".",".",".",".",".",".",".",".",".",".",".",".",".",".","."
"052","OZ02","ó^ìﬂå¥í¨ó^ìﬂå¥","ó^ìﬂó^ìﬂå¥","-9","-9","-9","","-9","_i_ra","-9","-9","-9","-9","-9",".",".",".",".",".",".",".",".",".",".",".",".","-9","-9","-9","-9","-9","-9","-9","-9","-9","-9","-9","-9","-9","-9","-9","-9","-9","-9","-9","-9",".",".",".",".",".",".",".",".",".",".",".",".",".",".",".",".",".",".",".",".",".",".",".",".",".",".",".",".",".",".",".",".",".",".",".",".",".",".",".",".",".",".",".",".",".",".",".",".",".",".",".",".",".",".",".",".",".",".",".",".","?????????????????","????????","??????","????","???","????????","??????","?????","???","???","?????????????????","????????","??????","????","???","????????","??????","?????","???","???",".",".",".",".",".",".",".",".",".",".",".",".",".",".",".",".",".",".",".",".",".",".",".",".",".",".",".",".",".",".",".",".",".",".",".",".",".",".",".",".",".",".",".",".",".",".",".",".",".",".",".",".",".",".",".",".",".",".",".","."
"053","OZ05","ãåëÂó¢ë∫å√åò2","ìÏèÈå√åò2","-9","-9","-9","","-9","_ira","-9","-9","-9","-9","-9",".",".",".",".",".",".",".",".",".",".",".",".","-9","-9","-9","-9","-9","-9","-9","-9","-9","-9","-9","-9","-9","-9","-9","-9","-9","-9","-9","-9",".",".",".",".",".",".",".",".",".",".",".",".",".",".",".",".",".",".",".",".",".",".",".",".",".",".",".",".",".",".",".",".",".",".",".",".",".",".",".",".",".",".",".",".",".",".",".",".",".",".",".",".",".",".",".",".",".",".",".",".","?????????????????","????????","??????","????","???","????????","??????","?????","???","???","?????????????????","????????","??????","????","???","????????","??????","?????","???","???",".",".",".",".",".",".",".",".",".",".",".",".",".",".",".",".",".",".",".",".",".",".",".",".",".",".",".",".",".",".",".",".",".",".",".",".",".",".",".",".",".",".",".",".",".",".",".",".",".",".",".",".",".",".",".",".",".",".",".","."
"054","SS05","ãåç≤ï~í¨ç≤ï~","ìÏèÈç≤ï~","-9","-9","-9","","-9","__ira","-9","-9","-9","-9","-9",".",".",".",".",".",".",".",".",".",".",".",".","-9","-9","-9","-9","-9","-9","-9","-9","-9","-9","-9","-9","-9","-9","-9","-9","-9","-9","-9","-9",".",".",".",".",".",".",".",".",".",".",".",".",".",".",".",".",".",".",".",".",".",".",".",".",".",".",".",".",".",".",".",".",".",".",".",".",".",".",".",".",".",".",".",".",".",".",".",".",".",".",".",".",".",".",".",".",".",".",".",".","?????????????????","????????","??????","????","???","????????","??????","?????","???","???","?????????????????","????????","??????","????","???","????????","??????","?????","???","???",".",".",".",".",".",".",".",".",".",".",".",".",".",".",".",".",".",".",".",".",".",".",".",".",".",".",".",".",".",".",".",".",".",".",".",".",".",".",".",".",".",".",".",".",".",".",".",".",".",".",".",".",".",".",".",".",".",".",".","."
"055","CN05","ãåímîOë∫ímîO","ìÏèÈímîO","-9","-9","-9","","-9","_t_i_ra","-9","-9","-9","-9","-9",".",".",".",".",".",".",".",".",".",".",".",".","-9","-9","-9","-9","-9","-9","-9","-9","-9","-9","-9","-9","-9","-9","-9","-9","-9","-9","-9","-9",".",".",".",".",".",".",".",".",".",".",".",".",".",".",".",".",".",".",".",".",".",".",".",".",".",".",".",".",".",".",".",".",".",".",".",".",".",".",".",".",".",".",".",".",".",".",".",".",".",".",".",".",".",".",".",".",".",".",".",".","?????????????????","????????","??????","????","???","????????","??????","?????","???","???","?????????????????","????????","??????","????","???","????????","??????","?????","???","???",".",".",".",".",".",".",".",".",".",".",".",".",".",".",".",".",".",".",".",".",".",".",".",".",".",".",".",".",".",".",".",".",".",".",".",".",".",".",".",".",".",".",".",".",".",".",".",".",".",".",".",".",".",".",".",".",".",".",".","."
"056","CN08","ãåímîOë∫ãvçÇ","ìÏèÈãvçÇ","-9","-9","-9","","-9","_t_ira","-9","-9","-9","-9","-9",".",".",".",".",".",".",".",".",".",".",".",".","-9","-9","-9","-9","-9","-9","-9","-9","-9","-9","-9","-9","-9","-9","-9","-9","-9","-9","-9","-9",".",".",".",".",".",".",".",".",".",".",".",".",".",".",".",".",".",".",".",".",".",".",".",".",".",".",".",".",".",".",".",".",".",".",".",".",".",".",".",".",".",".",".",".",".",".",".",".",".",".",".",".",".",".",".",".",".",".",".",".","?????????????????","????????","??????","????","???","????????","??????","?????","???","???","?????????????????","????????","??????","????","???","????????","??????","?????","???","???",".",".",".",".",".",".",".",".",".",".",".",".",".",".",".",".",".",".",".",".",".",".",".",".",".",".",".",".",".",".",".",".",".",".",".",".",".",".",".",".",".",".",".",".",".",".",".",".",".",".",".",".",".",".",".",".",".",".",".","."
"057","TM03","ãåã èÈë∫ã èÈ","ìÏèÈã èÈ","-9","-9","-9","","-9","__ira","-9","-9","-9","-9","-9",".",".",".",".",".",".",".",".",".",".",".",".","-9","-9","-9","-9","-9","-9","-9","-9","-9","-9","-9","-9","-9","-9","-9","-9","-9","-9","-9","-9",".",".",".",".",".",".",".",".",".",".",".",".",".",".",".",".",".",".",".",".",".",".",".",".",".",".",".",".",".",".",".",".",".",".",".",".",".",".",".",".",".",".",".",".",".",".",".",".",".",".",".",".",".",".",".",".",".",".",".",".","?????????????????","????????","??????","????","???","????????","??????","?????","???","???","?????????????????","????????","??????","????","???","????????","??????","?????","???","???",".",".",".",".",".",".",".",".",".",".",".",".",".",".",".",".",".",".",".",".",".",".",".",".",".",".",".",".",".",".",".",".",".",".",".",".",".",".",".",".",".",".",".",".",".",".",".",".",".",".",".",".",".",".",".",".",".",".",".","."
"058","TM07","ãåã èÈë∫éÖêî","ìÏèÈéÖêî","-9","-9","-9","","-9","_ira","-9","-9","-9","-9","-9",".",".",".",".",".",".",".",".",".",".",".",".","-9","-9","-9","-9","-9","-9","-9","-9","-9","-9","-9","-9","-9","-9","-9","-9","-9","-9","-9","-9",".",".",".",".",".",".",".",".",".",".",".",".",".",".",".",".",".",".",".",".",".",".",".",".",".",".",".",".",".",".",".",".",".",".",".",".",".",".",".",".",".",".",".",".",".",".",".",".",".",".",".",".",".",".",".",".",".",".",".",".","?????????????????","????????","??????","????","???","????????","??????","?????","???","???","?????????????????","????????","??????","????","???","????????","??????","?????","???","???",".",".",".",".",".",".",".",".",".",".",".",".",".",".",".",".",".",".",".",".",".",".",".",".",".",".",".",".",".",".",".",".",".",".",".",".",".",".",".",".",".",".",".",".",".",".",".",".",".",".",".",".",".",".",".",".",".",".",".","."
"059","GC02","ãåãÔéuì™ë∫ãÔéuì™","î™èdãÔéuì™","-9","-9","-9","","-9","__ira","-9","-9","-9","-9","-9",".",".",".",".",".",".",".",".",".",".",".",".","-9","-9","-9","-9","-9","-9","-9","-9","-9","-9","-9","-9","-9","-9","-9","-9","-9","-9","-9","-9",".",".",".",".",".",".",".",".",".",".",".",".",".",".",".",".",".",".",".",".",".",".",".",".",".",".",".",".",".",".",".",".",".",".",".",".",".",".",".",".",".",".",".",".",".",".",".",".",".",".",".",".",".",".",".",".",".",".",".",".","?????????????????","????????","??????","????","???","????????","??????","?????","???","???","?????????????????","????????","??????","????","???","????????","??????","?????","???","???",".",".",".",".",".",".",".",".",".",".",".",".",".",".",".",".",".",".",".",".",".",".",".",".",".",".",".",".",".",".",".",".",".",".",".",".",".",".",".",".",".",".",".",".",".",".",".",".",".",".",".",".",".",".",".",".",".",".",".","."
"060","KD02","ãåìåïóïΩí¨óFäÒ","î™èdóFäÒ","-9","-9","-9","","-9","__ira","-9","-9","-9","-9","-9",".",".",".",".",".",".",".",".",".",".",".",".","-9","-9","-9","-9","-9","-9","-9","-9","-9","-9","-9","-9","-9","-9","-9","-9","-9","-9","-9","-9",".",".",".",".",".",".",".",".",".",".",".",".",".",".",".",".",".",".",".",".",".",".",".",".",".",".",".",".",".",".",".",".",".",".",".",".",".",".",".",".",".",".",".",".",".",".",".",".",".",".",".",".",".",".",".",".",".",".",".",".","?????????????????","????????","??????","????","???","????????","??????","?????","???","???","?????????????????","????????","??????","????","???","????????","??????","?????","???","???",".",".",".",".",".",".",".",".",".",".",".",".",".",".",".",".",".",".",".",".",".",".",".",".",".",".",".",".",".",".",".",".",".",".",".",".",".",".",".",".",".",".",".",".",".",".",".",".",".",".",".",".",".",".",".",".",".",".",".","."
"061","MN03","éÖñûésïƒê{","éÖñûïƒê{","-9","-9","-9","","-9","_i_ra","-9","-9","-9","-9","-9",".",".",".",".",".",".",".",".",".",".",".",".","-9","-9","-9","-9","-9","-9","-9","-9","-9","-9","-9","-9","-9","-9","-9","-9","-9","-9","-9","-9",".",".",".",".",".",".",".",".",".",".",".",".",".",".",".",".",".",".",".",".",".",".",".",".",".",".",".",".",".",".",".",".",".",".",".",".",".",".",".",".",".",".",".",".",".",".",".",".",".",".",".",".",".",".",".",".",".",".",".",".","?????????????????","????????","??????","????","???","????????","??????","?????","???","???","?????????????????","????????","??????","????","???","????????","??????","?????","???","???",".",".",".",".",".",".",".",".",".",".",".",".",".",".",".",".",".",".",".",".",".",".",".",".",".",".",".",".",".",".",".",".",".",".",".",".",".",".",".",".",".",".",".",".",".",".",".",".",".",".",".",".",".",".",".",".",".",".",".","."
"062","KY02","éÖñûésäÏâÆïê","éÖñûäÏâÆïê","-9","-9","-9","","-9","_ira","-9","-9","-9","-9","-9",".",".",".",".",".",".",".",".",".",".",".",".","-9","-9","-9","-9","-9","-9","-9","-9","-9","-9","-9","-9","-9","-9","-9","-9","-9","-9","-9","-9",".",".",".",".",".",".",".",".",".",".",".",".",".",".",".",".",".",".",".",".",".",".",".",".",".",".",".",".",".",".",".",".",".",".",".",".",".",".",".",".",".",".",".",".",".",".",".",".",".",".",".",".",".",".",".",".",".",".",".",".","?????????????????","????????","??????","????","???","????????","??????","?????","???","???","?????????????????","????????","??????","????","???","????????","??????","?????","???","???",".",".",".",".",".",".",".",".",".",".",".",".",".",".",".",".",".",".",".",".",".",".",".",".",".",".",".",".",".",".",".",".",".",".",".",".",".",".",".",".",".",".",".",".",".",".",".",".",".",".",".",".",".",".",".",".",".",".",".","."
"063","MK07","éÖñûésê^ï«","éÖñûê^ï«","-9","-9","-9","","-9","_ira","-9","-9","-9","-9","-9",".",".",".",".",".",".",".",".",".",".",".",".","-9","-9","-9","-9","-9","-9","-9","-9","-9","-9","-9","-9","-9","-9","-9","-9","-9","-9","-9","-9",".",".",".",".",".",".",".",".",".",".",".",".",".",".",".",".",".",".",".",".",".",".",".",".",".",".",".",".",".",".",".",".",".",".",".",".",".",".",".",".",".",".",".",".",".",".",".",".",".",".",".",".",".",".",".",".",".",".",".",".","?????????????????","????????","??????","????","???","????????","??????","?????","???","???","?????????????????","????????","??????","????","???","????????","??????","?????","???","???",".",".",".",".",".",".",".",".",".",".",".",".",".",".",".",".",".",".",".",".",".",".",".",".",".",".",".",".",".",".",".",".",".",".",".",".",".",".",".",".",".",".",".",".",".",".",".",".",".",".",".",".",".",".",".",".",".",".",".","."
"064","TK04","éÖñûésçëãg","éÖñûçëãg","-9","-9","-9","","-9","__ira","-9","-9","-9","-9","-9",".",".",".",".",".",".",".",".",".",".",".",".","-9","-9","-9","-9","-9","-9","-9","-9","-9","-9","-9","-9","-9","-9","-9","-9","-9","-9","-9","-9",".",".",".",".",".",".",".",".",".",".",".",".",".",".",".",".",".",".",".",".",".",".",".",".",".",".",".",".",".",".",".",".",".",".",".",".",".",".",".",".",".",".",".",".",".",".",".",".",".",".",".",".",".",".",".",".",".",".",".",".","?????????????????","????????","??????","????","???","????????","??????","?????","???","???","?????????????????","????????","??????","????","???","????????","??????","?????","???","???",".",".",".",".",".",".",".",".",".",".",".",".",".",".",".",".",".",".",".",".",".",".",".",".",".",".",".",".",".",".",".",".",".",".",".",".",".",".",".",".",".",".",".",".",".",".",".",".",".",".",".",".",".",".",".",".",".",".",".","."
"065","KN07","éÖñûésåìèÈ","éÖñûåìèÈ","-9","-9","-9","","-9","_i_ra","-9","-9","-9","-9","-9",".",".",".",".",".",".",".",".",".",".",".",".","-9","-9","-9","-9","-9","-9","-9","-9","-9","-9","-9","-9","-9","-9","-9","-9","-9","-9","-9","-9",".",".",".",".",".",".",".",".",".",".",".",".",".",".",".",".",".",".",".",".",".",".",".",".",".",".",".",".",".",".",".",".",".",".",".",".",".",".",".",".",".",".",".",".",".",".",".",".",".",".",".",".",".",".",".",".",".",".",".",".","?????????????????","????????","??????","????","???","????????","??????","?????","???","???","?????????????????","????????","??????","????","???","????????","??????","?????","???","???",".",".",".",".",".",".",".",".",".",".",".",".",".",".",".",".",".",".",".",".",".",".",".",".",".",".",".",".",".",".",".",".",".",".",".",".",".",".",".",".",".",".",".",".",".",".",".",".",".",".",".",".",".",".",".",".",".",".",".","."
"066","TG17","ñLå©èÈë∫ï€âhñŒ","ñLå©ï€âhñŒ","-9","-9","-9","","-9","_i_ra","-9","-9","-9","-9","-9",".",".",".",".",".",".",".",".",".",".",".",".","-9","-9","-9","-9","-9","-9","-9","-9","-9","-9","-9","-9","-9","-9","-9","-9","-9","-9","-9","-9",".",".",".",".",".",".",".",".",".",".",".",".",".",".",".",".",".",".",".",".",".",".",".",".",".",".",".",".",".",".",".",".",".",".",".",".",".",".",".",".",".",".",".",".",".",".",".",".",".",".",".",".",".",".",".",".",".",".",".",".","?????????????????","????????","??????","????","???","????????","??????","?????","???","???","?????????????????","????????","??????","????","???","????????","??????","?????","???","???",".",".",".",".",".",".",".",".",".",".",".",".",".",".",".",".",".",".",".",".",".",".",".",".",".",".",".",".",".",".",".",".",".",".",".",".",".",".",".",".",".",".",".",".",".",".",".",".",".",".",".",".",".",".",".",".",".",".",".","."
"067","OR02","ìﬂîeésè¨ò\à¿éüó‰","ìﬂîeà¿éüó‰","-9","-9","-9","","-9","_i_ra/__ira","-9","-9","-9","-9","-9",".",".",".",".",".",".",".",".",".",".",".",".","-9","-9","-9","-9","-9","-9","-9","-9","-9","-9","-9","-9","-9","-9","-9","-9","-9","-9","-9","-9",".",".",".",".",".",".",".",".",".",".",".",".",".",".",".",".",".",".",".",".",".",".",".",".",".",".",".",".",".",".",".",".",".",".",".",".",".",".",".",".",".",".",".",".",".",".",".",".",".",".",".",".",".",".",".",".",".",".",".",".","?????????????????","????????","??????","????","???","????????","??????","?????","???","???","?????????????????","????????","??????","????","???","????????","??????","?????","???","???",".",".",".",".",".",".",".",".",".",".",".",".",".",".",".",".",".",".",".",".",".",".",".",".",".",".",".",".",".",".",".",".",".",".",".",".",".",".",".",".",".",".",".",".",".",".",".",".",".",".",".",".",".",".",".",".",".",".",".","."
"068","TO02","ìnâ√ï~ë∫à¢îgòA","ìnâ√à¢îgòA","-9","-9","-9","","-9","__ira","-9","-9","-9","-9","-9",".",".",".",".",".",".",".",".",".",".",".",".","-9","-9","-9","-9","-9","-9","-9","-9","-9","-9","-9","-9","-9","-9","-9","-9","-9","-9","-9","-9",".",".",".",".",".",".",".",".",".",".",".",".",".",".",".",".",".",".",".",".",".",".",".",".",".",".",".",".",".",".",".",".",".",".",".",".",".",".",".",".",".",".",".",".",".",".",".",".",".",".",".",".",".",".",".",".",".",".",".",".","?????????????????","????????","??????","????","???","????????","??????","?????","???","???","?????????????????","????????","??????","????","???","????????","??????","?????","???","???",".",".",".",".",".",".",".",".",".",".",".",".",".",".",".",".",".",".",".",".",".",".",".",".",".",".",".",".",".",".",".",".",".",".",".",".",".",".",".",".",".",".",".",".",".",".",".",".",".",".",".",".",".",".",".",".",".",".",".","."
"069","ZM04","ç¿ä‘ñ°ë∫à¢â√","ç¿ä‘à¢â√","-9","-9","-9","","-9","_t_ura","-9","-9","-9","-9","-9",".",".",".",".",".",".",".",".",".",".",".",".","-9","-9","-9","-9","-9","-9","-9","-9","-9","-9","-9","-9","-9","-9","-9","-9","-9","-9","-9","-9",".",".",".",".",".",".",".",".",".",".",".",".",".",".",".",".",".",".",".",".",".",".",".",".",".",".",".",".",".",".",".",".",".",".",".",".",".",".",".",".",".",".",".",".",".",".",".",".",".",".",".",".",".",".",".",".",".",".",".",".","?????????????????","????????","??????","????","???","????????","??????","?????","???","???","?????????????????","????????","??????","????","???","????????","??????","?????","???","???",".",".",".",".",".",".",".",".",".",".",".",".",".",".",".",".",".",".",".",".",".",".",".",".",".",".",".",".",".",".",".",".",".",".",".",".",".",".",".",".",".",".",".",".",".",".",".",".",".",".",".",".",".",".",".",".",".",".",".","."
"070","AG01","àæçëë∫àæçëïl","àæçëïl","-9","-9","-9","","-9","_tira/__ira(êV)","-9","-9","-9","-9","-9",".",".",".",".",".",".",".",".",".",".",".",".","-9","-9","-9","-9","-9","-9","-9","-9","-9","-9","-9","-9","-9","-9","-9","-9","-9","-9","-9","-9",".",".",".",".",".",".",".",".",".",".",".",".",".",".",".",".",".",".",".",".",".",".",".",".",".",".",".",".",".",".",".",".",".",".",".",".",".",".",".",".",".",".",".",".",".",".",".",".",".",".",".",".",".",".",".",".",".",".",".",".","?????????????????","????????","??????","????","???","????????","??????","?????","???","???","?????????????????","????????","??????","????","???","????????","??????","?????","???","???",".",".",".",".",".",".",".",".",".",".",".",".",".",".",".",".",".",".",".",".",".",".",".",".",".",".",".",".",".",".",".",".",".",".",".",".",".",".",".",".",".",".",".",".",".",".",".",".",".",".",".",".",".",".",".",".",".",".",".","."
"071","TN01","ìnñºäÏë∫ìnñºäÏêº","ìnñºäÏêº","-9","-9","-9","","-9","__ira","-9","-9","-9","-9","-9",".",".",".",".",".",".",".",".",".",".",".",".","-9","-9","-9","-9","-9","-9","-9","-9","-9","-9","-9","-9","-9","-9","-9","-9","-9","-9","-9","-9",".",".",".",".",".",".",".",".",".",".",".",".",".",".",".",".",".",".",".",".",".",".",".",".",".",".",".",".",".",".",".",".",".",".",".",".",".",".",".",".",".",".",".",".",".",".",".",".",".",".",".",".",".",".",".",".",".",".",".",".","?????????????????","????????","??????","????","???","????????","??????","?????","???","???","?????????????????","????????","??????","????","???","????????","??????","?????","???","???",".",".",".",".",".",".",".",".",".",".",".",".",".",".",".",".",".",".",".",".",".",".",".",".",".",".",".",".",".",".",".",".",".",".",".",".",".",".",".",".",".",".",".",".",".",".",".",".",".",".",".",".",".",".",".",".",".",".",".","."
"072","NA04","ãåíáó¢ë∫ê^é”","ãvïƒê^é”","-9","-9","-9","","-9","_i_ra","-9","-9","-9","-9","-9",".",".",".",".",".",".",".",".",".",".",".",".","-9","-9","-9","-9","-9","-9","-9","-9","-9","-9","-9","-9","-9","-9","-9","-9","-9","-9","-9","-9",".",".",".",".",".",".",".",".",".",".",".",".",".",".",".",".",".",".",".",".",".",".",".",".",".",".",".",".",".",".",".",".",".",".",".",".",".",".",".",".",".",".",".",".",".",".",".",".",".",".",".",".",".",".",".",".",".",".",".",".","?????????????????","????????","??????","????","???","????????","??????","?????","???","???","?????????????????","????????","??????","????","???","????????","??????","?????","???","???",".",".",".",".",".",".",".",".",".",".",".",".",".",".",".",".",".",".",".",".",".",".",".",".",".",".",".",".",".",".",".",".",".",".",".",".",".",".",".",".",".",".",".",".",".",".",".",".",".",".",".",".",".",".",".",".",".",".",".","."
"073","KG03","ãåãÔéuêÏë∫åìèÈ","ãvïƒåìèÈ","-9","-9","-9","","-9","_t_ira","-9","-9","-9","-9","-9",".",".",".",".",".",".",".",".",".",".",".",".","-9","-9","-9","-9","-9","-9","-9","-9","-9","-9","-9","-9","-9","-9","-9","-9","-9","-9","-9","-9",".",".",".",".",".",".",".",".",".",".",".",".",".",".",".",".",".",".",".",".",".",".",".",".",".",".",".",".",".",".",".",".",".",".",".",".",".",".",".",".",".",".",".",".",".",".",".",".",".",".",".",".",".",".",".",".",".",".",".",".","?????????????????","????????","??????","????","???","????????","??????","?????","???","???","?????????????????","????????","??????","????","???","????????","??????","?????","???","???",".",".",".",".",".",".",".",".",".",".",".",".",".",".",".",".",".",".",".",".",".",".",".",".",".",".",".",".",".",".",".",".",".",".",".",".",".",".",".",".",".",".",".",".",".",".",".",".",".",".",".",".",".",".",".",".",".",".",".","."
"074","HR03","ã{å√ìáésírä‘","ã{å√írä‘","7","3","3","","ÇﬂÇÕÇ»","mipana/mihana","mipana","m","i","p","a","n","a",".",".",".",".",".",".",".",".",".",".","1","4","0","0","0","1","1","1","1","0","1","1","0","0","1","1","4","3","1","0","4","4","0","0","0","1","4","3","1","0",".",".",".",".",".",".",".",".",".",".",".",".",".",".",".",".",".",".",".",".",".",".",".",".",".",".",".",".",".",".",".",".",".",".",".",".",".",".",".",".",".",".",".",".",".",".",".",".",".",".","10000000000000001","10001000","100001","1001","101","10000001","100001","10001","101","101","10000000000000001","10000001","100001","1001","110","10000001","101000","10100","101","101","10000000000001000","10001000","100001","1001","101","10000001","101000","10100","101","101",".",".",".",".",".",".",".",".",".",".",".",".",".",".",".",".",".",".",".",".",".",".",".",".",".",".",".",".",".",".",".",".",".",".",".",".",".",".",".",".",".",".",".",".",".",".",".",".",".","."
"075","HR05","ã{å√ìáésëÂê_","ã{å√ëÂê_","7","3","3","","ÇﬂÇÕÇ»","mipana","mipana","m","i","p","a","n","a",".",".",".",".",".",".",".",".",".",".","1","4","0","0","0","1","1","1","1","0","1","1","0","0","1","1","4","3","1","0","4","4","0","0","0","1","4","3","1","0",".",".",".",".",".",".",".",".",".",".",".",".",".",".",".",".",".",".",".",".",".",".",".",".",".",".",".",".",".",".",".",".",".",".",".",".",".",".",".",".",".",".",".",".",".",".",".",".",".",".","10000000000000001","10001000","100001","1001","101","10000001","100001","10001","101","101","10000000000000001","10000001","100001","1001","110","10000001","101000","10100","101","101","10000000000001000","10001000","100001","1001","101","10000001","101000","10100","101","101",".",".",".",".",".",".",".",".",".",".",".",".",".",".",".",".",".",".",".",".",".",".",".",".",".",".",".",".",".",".",".",".",".",".",".",".",".",".",".",".",".",".",".",".",".",".",".",".",".","."
"076","HR06","ã{å√ìáésïΩó«éÎñì","ã{å√éÎñì","7","3","3","","ÇﬂÇÕÇ»","mipana","mipana","m","i","p","a","n","a",".",".",".",".",".",".",".",".",".",".","1","4","0","0","0","1","1","1","1","0","1","1","0","0","1","1","4","3","1","0","4","4","0","0","0","1","4","3","1","0",".",".",".",".",".",".",".",".",".",".",".",".",".",".",".",".",".",".",".",".",".",".",".",".",".",".",".",".",".",".",".",".",".",".",".",".",".",".",".",".",".",".",".",".",".",".",".",".",".",".","10000000000000001","10001000","100001","1001","101","10000001","100001","10001","101","101","10000000000000001","10000001","100001","1001","110","10000001","101000","10100","101","101","10000000000001000","10001000","100001","1001","101","10000001","101000","10100","101","101",".",".",".",".",".",".",".",".",".",".",".",".",".",".",".",".",".",".",".",".",".",".",".",".",".",".",".",".",".",".",".",".",".",".",".",".",".",".",".",".",".",".",".",".",".",".",".",".",".","."
"077","HR12","ã{å√ìáésïΩó«ìåíáè@ç™","ã{å√ìåíáè@","7","3","3","","ÇﬂÇÕÇ»","mipana","mipana","m","i","p","a","n","a",".",".",".",".",".",".",".",".",".",".","1","4","0","0","0","1","1","1","1","0","1","1","0","0","1","1","4","3","1","0","4","4","0","0","0","1","4","3","1","0",".",".",".",".",".",".",".",".",".",".",".",".",".",".",".",".",".",".",".",".",".",".",".",".",".",".",".",".",".",".",".",".",".",".",".",".",".",".",".",".",".",".",".",".",".",".",".",".",".",".","10000000000000001","10001000","100001","1001","101","10000001","100001","10001","101","101","10000000000000001","10000001","100001","1001","110","10000001","101000","10100","101","101","10000000000001000","10001000","100001","1001","101","10000001","101000","10100","101","101",".",".",".",".",".",".",".",".",".",".",".",".",".",".",".",".",".",".",".",".",".",".",".",".",".",".",".",".",".",".",".",".",".",".",".",".",".",".",".",".",".",".",".",".",".",".",".",".",".","."
"078","SZ04","ã{å√ìáésâ∫ínó^ìﬂîe","ã{å√ó^ìﬂîe","7","3","3","","ÇﬂÇÕÇ»","mipana","mipana","m","i","p","a","n","a",".",".",".",".",".",".",".",".",".",".","1","4","0","0","0","1","1","1","1","0","1","1","0","0","1","1","4","3","1","0","4","4","0","0","0","1","4","3","1","0",".",".",".",".",".",".",".",".",".",".",".",".",".",".",".",".",".",".",".",".",".",".",".",".",".",".",".",".",".",".",".",".",".",".",".",".",".",".",".",".",".",".",".",".",".",".",".",".",".",".","10000000000000001","10001000","100001","1001","101","10000001","100001","10001","101","101","10000000000000001","10000001","100001","1001","110","10000001","101000","10100","101","101","10000000000001000","10001000","100001","1001","101","10000001","101000","10100","101","101",".",".",".",".",".",".",".",".",".",".",".",".",".",".",".",".",".",".",".",".",".",".",".",".",".",".",".",".",".",".",".",".",".",".",".",".",".",".",".",".",".",".",".",".",".",".",".",".",".","."
"079","SG16","ã{å√ìáésè„ñÏã{çë","ã{å√ã{çë","7","3","3","","ÇﬂÇÕÇ»","mipa_na","mipa_na","m","i","p","a","n","a",".",".",".",".",".",".",".",".",".",".","1","4","0","0","0","1","1","1","1","0","1","1","0","0","1","1","4","3","1","0","4","4","0","0","0","1","4","3","1","0",".",".",".",".",".",".",".",".",".",".",".",".",".",".",".",".",".",".",".",".",".",".",".",".",".",".",".",".",".",".",".",".",".",".",".",".",".",".",".",".",".",".",".",".",".",".",".",".",".",".","10000000000000001","10001000","100001","1001","101","10000001","100001","10001","101","101","10000000000000001","10000001","100001","1001","110","10000001","101000","10100","101","101","10000000000001000","10001000","100001","1001","101","10000001","101000","10100","101","101",".",".",".",".",".",".",".",".",".",".",".",".",".",".",".",".",".",".",".",".",".",".",".",".",".",".",".",".",".",".",".",".",".",".",".",".",".",".",".",".",".",".",".",".",".",".",".",".",".","."
"080","SG04","ã{å√ìáésà…ó«ïîà…ó«ïî","ã{å√à…ó«ïî","7","3","3","","ÇﬂÇÕÇ»","mipana","mipana","m","i","p","a","n","a",".",".",".",".",".",".",".",".",".",".","1","4","0","0","0","1","1","1","1","0","1","1","0","0","1","1","4","3","1","0","4","4","0","0","0","1","4","3","1","0",".",".",".",".",".",".",".",".",".",".",".",".",".",".",".",".",".",".",".",".",".",".",".",".",".",".",".",".",".",".",".",".",".",".",".",".",".",".",".",".",".",".",".",".",".",".",".",".",".",".","10000000000000001","10001000","100001","1001","101","10000001","100001","10001","101","101","10000000000000001","10000001","100001","1001","110","10000001","101000","10100","101","101","10000000000001000","10001000","100001","1001","101","10000001","101000","10100","101","101",".",".",".",".",".",".",".",".",".",".",".",".",".",".",".",".",".",".",".",".",".",".",".",".",".",".",".",".",".",".",".",".",".",".",".",".",".",".",".",".",".",".",".",".",".",".",".",".",".","."
"081","TR03","ëΩó«ä‘ë∫íáãÿ","ëΩó«ä‘íáãÿ","7","3","3","","ÇﬂÇÕÇ»","mipana/umuti/mipana","mipana","m","i","p","a","n","a",".",".",".",".",".",".",".",".",".",".","1","4","0","0","0","1","1","1","1","0","1","1","0","0","1","1","4","3","1","0","4","4","0","0","0","1","4","3","1","0",".",".",".",".",".",".",".",".",".",".",".",".",".",".",".",".",".",".",".",".",".",".",".",".",".",".",".",".",".",".",".",".",".",".",".",".",".",".",".",".",".",".",".",".",".",".",".",".",".",".","10000000000000001","10001000","100001","1001","101","10000001","100001","10001","101","101","10000000000000001","10000001","100001","1001","110","10000001","101000","10100","101","101","10000000000001000","10001000","100001","1001","101","10000001","101000","10100","101","101",".",".",".",".",".",".",".",".",".",".",".",".",".",".",".",".",".",".",".",".",".",".",".",".",".",".",".",".",".",".",".",".",".",".",".",".",".",".",".",".",".",".",".",".",".",".",".",".",".","."
"082","OH05","êŒä_ésìoñÏèÈ","êŒä_ìoñÏèÈ","-9","-9","-9","","-9","__ra/umuti","-9","-9","-9","-9","-9",".",".",".",".",".",".",".",".",".",".",".",".","-9","-9","-9","-9","-9","-9","-9","-9","-9","-9","-9","-9","-9","-9","-9","-9","-9","-9","-9","-9",".",".",".",".",".",".",".",".",".",".",".",".",".",".",".",".",".",".",".",".",".",".",".",".",".",".",".",".",".",".",".",".",".",".",".",".",".",".",".",".",".",".",".",".",".",".",".",".",".",".",".",".",".",".",".",".",".",".",".",".","?????????????????","????????","??????","????","???","????????","??????","?????","???","???","?????????????????","????????","??????","????","???","????????","??????","?????","???","???",".",".",".",".",".",".",".",".",".",".",".",".",".",".",".",".",".",".",".",".",".",".",".",".",".",".",".",".",".",".",".",".",".",".",".",".",".",".",".",".",".",".",".",".",".",".",".",".",".",".",".",".",".",".",".",".",".",".",".","."
"083","OH02","êŒä_ésëÂïl","êŒä_ëÂïl","-9","-9","-9","","-9","_umuti/___ra","-9","-9","-9","-9","-9",".",".",".",".",".",".",".",".",".",".",".",".","-9","-9","-9","-9","-9","-9","-9","-9","-9","-9","-9","-9","-9","-9","-9","-9","-9","-9","-9","-9",".",".",".",".",".",".",".",".",".",".",".",".",".",".",".",".",".",".",".",".",".",".",".",".",".",".",".",".",".",".",".",".",".",".",".",".",".",".",".",".",".",".",".",".",".",".",".",".",".",".",".",".",".",".",".",".",".",".",".",".","?????????????????","????????","??????","????","???","????????","??????","?????","???","???","?????????????????","????????","??????","????","???","????????","??????","?????","???","???",".",".",".",".",".",".",".",".",".",".",".",".",".",".",".",".",".",".",".",".",".",".",".",".",".",".",".",".",".",".",".",".",".",".",".",".",".",".",".",".",".",".",".",".",".",".",".",".",".",".",".",".",".",".",".",".",".",".",".","."
"084","MR06","êŒä_ésã{ó«","êŒä_ã{ó«","11","3","4","","ÇﬂÇœÇ»","_mi_pana","_mi_pana","m","i:","p","a","n","a",".",".",".",".",".",".",".",".",".",".","1","4","0","0","0","2","1","1","1","0","1","1","0","0","1","1","4","3","1","0","4","4","0","0","0","1","4","3","1","0",".",".",".",".",".",".",".",".",".",".",".",".",".",".",".",".",".",".",".",".",".",".",".",".",".",".",".",".",".",".",".",".",".",".",".",".",".",".",".",".",".",".",".",".",".",".",".",".",".",".","10000000000000001","10001000","100001","1001","101","10000010","100001","10001","101","101","10000000000000001","10000001","100001","1001","110","10000001","101000","10100","101","101","10000000000001000","10001000","100001","1001","101","10000001","101000","10100","101","101",".",".",".",".",".",".",".",".",".",".",".",".",".",".",".",".",".",".",".",".",".",".",".",".",".",".",".",".",".",".",".",".",".",".",".",".",".",".",".",".",".",".",".",".",".",".",".",".",".","."
"085","MR02","êŒä_ésïΩãvï€","êŒä_ïΩãvï€","-9","-9","-9","","-9","_umu_t_i","-9","-9","-9","-9","-9",".",".",".",".",".",".",".",".",".",".",".",".","-9","-9","-9","-9","-9","-9","-9","-9","-9","-9","-9","-9","-9","-9","-9","-9","-9","-9","-9","-9",".",".",".",".",".",".",".",".",".",".",".",".",".",".",".",".",".",".",".",".",".",".",".",".",".",".",".",".",".",".",".",".",".",".",".",".",".",".",".",".",".",".",".",".",".",".",".",".",".",".",".",".",".",".",".",".",".",".",".",".","?????????????????","????????","??????","????","???","????????","??????","?????","???","???","?????????????????","????????","??????","????","???","????????","??????","?????","???","???",".",".",".",".",".",".",".",".",".",".",".",".",".",".",".",".",".",".",".",".",".",".",".",".",".",".",".",".",".",".",".",".",".",".",".",".",".",".",".",".",".",".",".",".",".",".",".",".",".",".",".",".",".",".",".",".",".",".",".","."
"086","IG15","êŒä_ésïxñÏ","êŒä_ïxñÏ","-9","-9","-9","","-9","__umuti/__umuti","-9","-9","-9","-9","-9",".",".",".",".",".",".",".",".",".",".",".",".","-9","-9","-9","-9","-9","-9","-9","-9","-9","-9","-9","-9","-9","-9","-9","-9","-9","-9","-9","-9",".",".",".",".",".",".",".",".",".",".",".",".",".",".",".",".",".",".",".",".",".",".",".",".",".",".",".",".",".",".",".",".",".",".",".",".",".",".",".",".",".",".",".",".",".",".",".",".",".",".",".",".",".",".",".",".",".",".",".",".","?????????????????","????????","??????","????","???","????????","??????","?????","???","???","?????????????????","????????","??????","????","???","????????","??????","?????","???","???",".",".",".",".",".",".",".",".",".",".",".",".",".",".",".",".",".",".",".",".",".",".",".",".",".",".",".",".",".",".",".",".",".",".",".",".",".",".",".",".",".",".",".",".",".",".",".",".",".",".",".",".",".",".",".",".",".",".",".","."
"087","IG08","í|ïxí¨í|ïx","í|ïxí|ïx","-9","-9","-9","","-9","umuti","-9","-9","-9","-9","-9",".",".",".",".",".",".",".",".",".",".",".",".","-9","-9","-9","-9","-9","-9","-9","-9","-9","-9","-9","-9","-9","-9","-9","-9","-9","-9","-9","-9",".",".",".",".",".",".",".",".",".",".",".",".",".",".",".",".",".",".",".",".",".",".",".",".",".",".",".",".",".",".",".",".",".",".",".",".",".",".",".",".",".",".",".",".",".",".",".",".",".",".",".",".",".",".",".",".",".",".",".",".","?????????????????","????????","??????","????","???","????????","??????","?????","???","???","?????????????????","????????","??????","????","???","????????","??????","?????","???","???",".",".",".",".",".",".",".",".",".",".",".",".",".",".",".",".",".",".",".",".",".",".",".",".",".",".",".",".",".",".",".",".",".",".",".",".",".",".",".",".",".",".",".",".",".",".",".",".",".",".",".",".",".",".",".",".",".",".",".","."
"088","IG10","í|ïxí¨çïìá","í|ïxçïìá","-9","-9","-9","","-9","umu_ti_/_ira_/umuti/_ira","-9","-9","-9","-9","-9",".",".",".",".",".",".",".",".",".",".",".",".","-9","-9","-9","-9","-9","-9","-9","-9","-9","-9","-9","-9","-9","-9","-9","-9","-9","-9","-9","-9",".",".",".",".",".",".",".",".",".",".",".",".",".",".",".",".",".",".",".",".",".",".",".",".",".",".",".",".",".",".",".",".",".",".",".",".",".",".",".",".",".",".",".",".",".",".",".",".",".",".",".",".",".",".",".",".",".",".",".",".","?????????????????","????????","??????","????","???","????????","??????","?????","???","???","?????????????????","????????","??????","????","???","????????","??????","?????","???","???",".",".",".",".",".",".",".",".",".",".",".",".",".",".",".",".",".",".",".",".",".",".",".",".",".",".",".",".",".",".",".",".",".",".",".",".",".",".",".",".",".",".",".",".",".",".",".",".",".",".",".",".",".",".",".",".",".",".",".","."
"089","IG09","í|ïxí¨è¨ïl","í|ïxè¨ïl","-9","-9","-9","","-9","mu_ti","-9","-9","-9","-9","-9",".",".",".",".",".",".",".",".",".",".",".",".","-9","-9","-9","-9","-9","-9","-9","-9","-9","-9","-9","-9","-9","-9","-9","-9","-9","-9","-9","-9",".",".",".",".",".",".",".",".",".",".",".",".",".",".",".",".",".",".",".",".",".",".",".",".",".",".",".",".",".",".",".",".",".",".",".",".",".",".",".",".",".",".",".",".",".",".",".",".",".",".",".",".",".",".",".",".",".",".",".",".","?????????????????","????????","??????","????","???","????????","??????","?????","???","???","?????????????????","????????","??????","????","???","????????","??????","?????","???","???",".",".",".",".",".",".",".",".",".",".",".",".",".",".",".",".",".",".",".",".",".",".",".",".",".",".",".",".",".",".",".",".",".",".",".",".",".",".",".",".",".",".",".",".",".",".",".",".",".",".",".",".",".",".",".",".",".",".",".","."
"090","MR08","í|ïxí¨å√å©","êºï\å√å©","-9","-9","-9","","-9","___r_a/umuti","-9","-9","-9","-9","-9",".",".",".",".",".",".",".",".",".",".",".",".","-9","-9","-9","-9","-9","-9","-9","-9","-9","-9","-9","-9","-9","-9","-9","-9","-9","-9","-9","-9",".",".",".",".",".",".",".",".",".",".",".",".",".",".",".",".",".",".",".",".",".",".",".",".",".",".",".",".",".",".",".",".",".",".",".",".",".",".",".",".",".",".",".",".",".",".",".",".",".",".",".",".",".",".",".",".",".",".",".",".","?????????????????","????????","??????","????","???","????????","??????","?????","???","???","?????????????????","????????","??????","????","???","????????","??????","?????","???","???",".",".",".",".",".",".",".",".",".",".",".",".",".",".",".",".",".",".",".",".",".",".",".",".",".",".",".",".",".",".",".",".",".",".",".",".",".",".",".",".",".",".",".",".",".",".",".",".",".",".",".",".",".",".",".",".",".",".",".","."
"091","OH06","í|ïxí¨ä±óß","êºï\ä±óß","-9","-9","-9","","-9","umu_ti/_umu_ti_","-9","-9","-9","-9","-9",".",".",".",".",".",".",".",".",".",".",".",".","-9","-9","-9","-9","-9","-9","-9","-9","-9","-9","-9","-9","-9","-9","-9","-9","-9","-9","-9","-9",".",".",".",".",".",".",".",".",".",".",".",".",".",".",".",".",".",".",".",".",".",".",".",".",".",".",".",".",".",".",".",".",".",".",".",".",".",".",".",".",".",".",".",".",".",".",".",".",".",".",".",".",".",".",".",".",".",".",".",".","?????????????????","????????","??????","????","???","????????","??????","?????","???","???","?????????????????","????????","??????","????","???","????????","??????","?????","???","???",".",".",".",".",".",".",".",".",".",".",".",".",".",".",".",".",".",".",".",".",".",".",".",".",".",".",".",".",".",".",".",".",".",".",".",".",".",".",".",".",".",".",".",".",".",".",".",".",".",".",".",".",".",".",".",".",".",".",".","."
"092","IG12","í|ïxí¨â∫ín","êVèÈâ∫ín","-9","-9","-9","","-9","muti__","-9","-9","-9","-9","-9",".",".",".",".",".",".",".",".",".",".",".",".","-9","-9","-9","-9","-9","-9","-9","-9","-9","-9","-9","-9","-9","-9","-9","-9","-9","-9","-9","-9",".",".",".",".",".",".",".",".",".",".",".",".",".",".",".",".",".",".",".",".",".",".",".",".",".",".",".",".",".",".",".",".",".",".",".",".",".",".",".",".",".",".",".",".",".",".",".",".",".",".",".",".",".",".",".",".",".",".",".",".","?????????????????","????????","??????","????","???","????????","??????","?????","???","???","?????????????????","????????","??????","????","???","????????","??????","?????","???","???",".",".",".",".",".",".",".",".",".",".",".",".",".",".",".",".",".",".",".",".",".",".",".",".",".",".",".",".",".",".",".",".",".",".",".",".",".",".",".",".",".",".",".",".",".",".",".",".",".",".",".",".",".",".",".",".",".",".",".","."
"093","OH13","í|ïxí¨ñºêŒ","îgè∆ä‘ñºêŒ","-9","-9","-9","","-9","_mu_i","-9","-9","-9","-9","-9",".",".",".",".",".",".",".",".",".",".",".",".","-9","-9","-9","-9","-9","-9","-9","-9","-9","-9","-9","-9","-9","-9","-9","-9","-9","-9","-9","-9",".",".",".",".",".",".",".",".",".",".",".",".",".",".",".",".",".",".",".",".",".",".",".",".",".",".",".",".",".",".",".",".",".",".",".",".",".",".",".",".",".",".",".",".",".",".",".",".",".",".",".",".",".",".",".",".",".",".",".",".","?????????????????","????????","??????","????","???","????????","??????","?????","???","???","?????????????????","????????","??????","????","???","????????","??????","?????","???","???",".",".",".",".",".",".",".",".",".",".",".",".",".",".",".",".",".",".",".",".",".",".",".",".",".",".",".",".",".",".",".",".",".",".",".",".",".",".",".",".",".",".",".",".",".",".",".",".",".",".",".",".",".",".",".",".",".",".",".","."
"094","YG01","ó^ìﬂçëí¨ëcî[","ó^ìﬂçëëcî[","-9","-9","-9","","-9","ÅPt_ira","-9","-9","-9","-9","-9",".",".",".",".",".",".",".",".",".",".",".",".","-9","-9","-9","-9","-9","-9","-9","-9","-9","-9","-9","-9","-9","-9","-9","-9","-9","-9","-9","-9",".",".",".",".",".",".",".",".",".",".",".",".",".",".",".",".",".",".",".",".",".",".",".",".",".",".",".",".",".",".",".",".",".",".",".",".",".",".",".",".",".",".",".",".",".",".",".",".",".",".",".",".",".",".",".",".",".",".",".",".","?????????????????","????????","??????","????","???","????????","??????","?????","???","???","?????????????????","????????","??????","????","???","????????","??????","?????","???","???",".",".",".",".",".",".",".",".",".",".",".",".",".",".",".",".",".",".",".",".",".",".",".",".",".",".",".",".",".",".",".",".",".",".",".",".",".",".",".",".",".",".",".",".",".",".",".",".",".",".",".",".",".",".",".",".",".",".",".","."
"095","YG03","ó^ìﬂçëí¨î‰êÏ","ó^ìﬂçëî‰êÏ","-9","-9","-9","","-9","_ira/t_ira","-9","-9","-9","-9","-9",".",".",".",".",".",".",".",".",".",".",".",".","-9","-9","-9","-9","-9","-9","-9","-9","-9","-9","-9","-9","-9","-9","-9","-9","-9","-9","-9","-9",".",".",".",".",".",".",".",".",".",".",".",".",".",".",".",".",".",".",".",".",".",".",".",".",".",".",".",".",".",".",".",".",".",".",".",".",".",".",".",".",".",".",".",".",".",".",".",".",".",".",".",".",".",".",".",".",".",".",".",".","?????????????????","????????","??????","????","???","????????","??????","?????","???","???","?????????????????","????????","??????","????","???","????????","??????","?????","???","???",".",".",".",".",".",".",".",".",".",".",".",".",".",".",".",".",".",".",".",".",".",".",".",".",".",".",".",".",".",".",".",".",".",".",".",".",".",".",".",".",".",".",".",".",".",".",".",".",".",".",".",".",".",".",".",".",".",".",".","."
