1,N-003,éÒ,,,,,,,,,,,,,,,,,,,,,,,,,1éqâπ,,,,,1ïÍâπ,,,,,2éqâπ,,,,,2ïÍâπ,,,,,3éqâπ,,,,,3ïÍâπ,,,,,4éqâπ,,,,,4ïÍâπ,,,,,5éqâπ,,,,,5ïÍâπ,,,,,6éqâπ,,,,,6ïÍâπ,,,,,7éqâπ,,,,,7ïÍâπ,,,,,8éqâπ,,,,,8ïÍâπ,,,,,1éqâπ,,,,,1ïÍâπ,,,,,2éqâπ,,,,,2ïÍâπ,,,,,3éqâπ,,,,,3ïÍâπ,,,,,4éqâπ,,,,,4ïÍâπ,,,,,5éqâπ,,,,,5ïÍâπ,,,,,6éqâπ,,,,,6ïÍâπ,,,,,7éqâπ,,,,,7ïÍâπ,,,,,8éqâπ,,,,,8ïÍâπ,,,,
í Çµî‘çÜ,ínì_ñºãLçÜ,åªésí¨ë∫ñº,ï\é¶óp,âπÇÃå^,âπêﬂ,ÉÇÅ[Éâ,ÉAÉNÉZÉìÉg,ëzíËå`,ëSåÍå`,åÍå`,1éqâπ,1ïÍâπ,2éqâπ,2ïÍâπ,3éqâπ,3ïÍâπ,4éqâπ,4ïÍâπ,5éqâπ,5ïÍâπ,6éqâπ,6ïÍâπ,7éqâπ,7ïÍâπ,8éqâπ,8ïÍâπ,à íu,ï˚ñ@,å˚äWÅEâ~êO,çAì™âª,ê∫ë—êUìÆ,í∑Ç≥,å˚ÇÃäJÇ´,ê„ÇÃà íu,êOÇÃèÛë‘,ñ≥ê∫ï@âπ,à íu,ï˚ñ@,å˚äWÅEâ~êO,çAì™âª,ê∫ë—êUìÆ,í∑Ç≥,å˚ÇÃäJÇ´,ê„ÇÃà íu,êOÇÃèÛë‘,ñ≥ê∫ï@âπ,à íu,ï˚ñ@,å˚äWÅEâ~êO,çAì™âª,ê∫ë—êUìÆ,í∑Ç≥,å˚ÇÃäJÇ´,ê„ÇÃà íu,êOÇÃèÛë‘,ñ≥ê∫ï@âπ,à íu,ï˚ñ@,å˚äWÅEâ~êO,çAì™âª,ê∫ë—êUìÆ,í∑Ç≥,å˚ÇÃäJÇ´,ê„ÇÃà íu,êOÇÃèÛë‘,ñ≥ê∫ï@âπ,à íu,ï˚ñ@,å˚äWÅEâ~êO,çAì™âª,ê∫ë—êUìÆ,í∑Ç≥,å˚ÇÃäJÇ´,ê„ÇÃà íu,êOÇÃèÛë‘,ñ≥ê∫ï@âπ,à íu,ï˚ñ@,å˚äWÅEâ~êO,çAì™âª,ê∫ë—êUìÆ,í∑Ç≥,å˚ÇÃäJÇ´,ê„ÇÃà íu,êOÇÃèÛë‘,ñ≥ê∫ï@âπ,à íu,ï˚ñ@,å˚äWÅEâ~êO,çAì™âª,ê∫ë—êUìÆ,í∑Ç≥,å˚ÇÃäJÇ´,ê„ÇÃà íu,êOÇÃèÛë‘,ñ≥ê∫ï@âπ,à íu,ï˚ñ@,å˚äWÅEâ~êO,çAì™âª,ê∫ë—êUìÆ,í∑Ç≥,å˚ÇÃäJÇ´,ê„ÇÃà íu,êOÇÃèÛë‘,ñ≥ê∫ï@âπ,à íu,ï˚ñ@,å˚äWÅEâ~êO,çAì™âª,ê∫ë—êUìÆ,í∑Ç≥,å˚ÇÃäJÇ´,ê„ÇÃà íu,êOÇÃèÛë‘,ñ≥ê∫ï@âπ,à íu,ï˚ñ@,å˚äWÅEâ~êO,çAì™âª,ê∫ë—êUìÆ,í∑Ç≥,å˚ÇÃäJÇ´,ê„ÇÃà íu,êOÇÃèÛë‘,ñ≥ê∫ï@âπ,à íu,ï˚ñ@,å˚äWÅEâ~êO,çAì™âª,ê∫ë—êUìÆ,í∑Ç≥,å˚ÇÃäJÇ´,ê„ÇÃà íu,êOÇÃèÛë‘,ñ≥ê∫ï@âπ,à íu,ï˚ñ@,å˚äWÅEâ~êO,çAì™âª,ê∫ë—êUìÆ,í∑Ç≥,å˚ÇÃäJÇ´,ê„ÇÃà íu,êOÇÃèÛë‘,ñ≥ê∫ï@âπ,à íu,ï˚ñ@,å˚äWÅEâ~êO,çAì™âª,ê∫ë—êUìÆ,í∑Ç≥,å˚ÇÃäJÇ´,ê„ÇÃà íu,êOÇÃèÛë‘,ñ≥ê∫ï@âπ,à íu,ï˚ñ@,å˚äWÅEâ~êO,çAì™âª,ê∫ë—êUìÆ,í∑Ç≥,å˚ÇÃäJÇ´,ê„ÇÃà íu,êOÇÃèÛë‘,ñ≥ê∫ï@âπ,à íu,ï˚ñ@,å˚äWÅEâ~êO,çAì™âª,ê∫ë—êUìÆ,í∑Ç≥,å˚ÇÃäJÇ´,ê„ÇÃà íu,êOÇÃèÛë‘,ñ≥ê∫ï@âπ,à íu,ï˚ñ@,å˚äWÅEâ~êO,çAì™âª,ê∫ë—êUìÆ,í∑Ç≥,å˚ÇÃäJÇ´,ê„ÇÃà íu,êOÇÃèÛë‘,ñ≥ê∫ï@âπ
000,,ëzíËå`,ëzíËå`,4,2,3,,Ç Ç‘Ç¢,nubui,nubui,n,u,b,u,-1,i,.,.,.,.,.,.,.,.,.,.,4,4,0,0,0,1,1,3,2,0,1,1,0,0,0,1,1,3,2,0,-1,-1,-1,-1,-1,1,1,1,1,0,.,.,.,.,.,.,.,.,.,.,.,.,.,.,.,.,.,.,.,.,.,.,.,.,.,.,.,.,.,.,.,.,.,.,.,.,.,.,.,.,.,.,.,.,.,.,.,.,.,.,10000000000001000,10001000,100001,1001,101,10000001,100001,10100,110,101,10000000000000001,10000001,100001,1001,101,10000001,100001,10100,110,101,00000000000000000,00000000,000000,0000,000,10000001,100001,10001,101,101,.,.,.,.,.,.,.,.,.,.,.,.,.,.,.,.,.,.,.,.,.,.,.,.,.,.,.,.,.,.,.,.,.,.,.,.,.,.,.,.,.,.,.,.,.,.,.,.,.,.
001,KA05,ãåä}óòí¨ä}óò,âÇî¸ä}óò,-9,-9,-9,,Ç≠Ç—,k_u_bi,-9,-9,-9,-9,-9,-9,-9,.,.,.,.,.,.,.,.,.,.,-9,-9,-9,-9,-9,-9,-9,-9,-9,-9,-9,-9,-9,-9,-9,-9,-9,-9,-9,-9,-9,-9,-9,-9,-9,-9,-9,-9,-9,-9,.,.,.,.,.,.,.,.,.,.,.,.,.,.,.,.,.,.,.,.,.,.,.,.,.,.,.,.,.,.,.,.,.,.,.,.,.,.,.,.,.,.,.,.,.,.,.,.,.,.,?????????????????,????????,??????,????,???,????????,??????,?????,???,???,?????????????????,????????,??????,????,???,????????,??????,?????,???,???,?????????????????,????????,??????,????,???,????????,??????,?????,???,???,.,.,.,.,.,.,.,.,.,.,.,.,.,.,.,.,.,.,.,.,.,.,.,.,.,.,.,.,.,.,.,.,.,.,.,.,.,.,.,.,.,.,.,.,.,.,.,.,.,.
002,NZ17,ãåñºê£ésã‡ãv,âÇî¸ã‡ãv,-9,-9,-9,,Ç≠Ç—,k_u_bi,-9,-9,-9,-9,-9,-9,-9,.,.,.,.,.,.,.,.,.,.,-9,-9,-9,-9,-9,-9,-9,-9,-9,-9,-9,-9,-9,-9,-9,-9,-9,-9,-9,-9,-9,-9,-9,-9,-9,-9,-9,-9,-9,-9,.,.,.,.,.,.,.,.,.,.,.,.,.,.,.,.,.,.,.,.,.,.,.,.,.,.,.,.,.,.,.,.,.,.,.,.,.,.,.,.,.,.,.,.,.,.,.,.,.,.,?????????????????,????????,??????,????,???,????????,??????,?????,???,???,?????????????????,????????,??????,????,???,????????,??????,?????,???,???,?????????????????,????????,??????,????,???,????????,??????,?????,???,???,.,.,.,.,.,.,.,.,.,.,.,.,.,.,.,.,.,.,.,.,.,.,.,.,.,.,.,.,.,.,.,.,.,.,.,.,.,.,.,.,.,.,.,.,.,.,.,.,.,.
003,KM05,ó¥ãΩí¨íÜèü,âÇî¸íÜèü,-9,-9,-9,,Ç≠Ç—,k_u_bi,-9,-9,-9,-9,-9,-9,-9,.,.,.,.,.,.,.,.,.,.,-9,-9,-9,-9,-9,-9,-9,-9,-9,-9,-9,-9,-9,-9,-9,-9,-9,-9,-9,-9,-9,-9,-9,-9,-9,-9,-9,-9,-9,-9,.,.,.,.,.,.,.,.,.,.,.,.,.,.,.,.,.,.,.,.,.,.,.,.,.,.,.,.,.,.,.,.,.,.,.,.,.,.,.,.,.,.,.,.,.,.,.,.,.,.,?????????????????,????????,??????,????,???,????????,??????,?????,???,???,?????????????????,????????,??????,????,???,????????,??????,?????,???,???,?????????????????,????????,??????,????,???,????????,??????,?????,???,???,.,.,.,.,.,.,.,.,.,.,.,.,.,.,.,.,.,.,.,.,.,.,.,.,.,.,.,.,.,.,.,.,.,.,.,.,.,.,.,.,.,.,.,.,.,.,.,.,.,.
004,YU04,ëÂòaë∫ëÂòaïl,âÇî¸ëÂòaïl,-9,-9,-9,,Ç≠Ç—,_k_ubi/k_u_bi,-9,-9,-9,-9,-9,-9,-9,.,.,.,.,.,.,.,.,.,.,-9,-9,-9,-9,-9,-9,-9,-9,-9,-9,-9,-9,-9,-9,-9,-9,-9,-9,-9,-9,-9,-9,-9,-9,-9,-9,-9,-9,-9,-9,.,.,.,.,.,.,.,.,.,.,.,.,.,.,.,.,.,.,.,.,.,.,.,.,.,.,.,.,.,.,.,.,.,.,.,.,.,.,.,.,.,.,.,.,.,.,.,.,.,.,?????????????????,????????,??????,????,???,????????,??????,?????,???,???,?????????????????,????????,??????,????,???,????????,??????,?????,???,???,?????????????????,????????,??????,????,???,????????,??????,?????,???,???,.,.,.,.,.,.,.,.,.,.,.,.,.,.,.,.,.,.,.,.,.,.,.,.,.,.,.,.,.,.,.,.,.,.,.,.,.,.,.,.,.,.,.,.,.,.,.,.,.,.
005,SY08,èZópë∫êºíáä‘,âÇî¸êºíáä‘,-9,-9,-9,,Ç≠Ç—,ku_bi,-9,-9,-9,-9,-9,-9,-9,.,.,.,.,.,.,.,.,.,.,-9,-9,-9,-9,-9,-9,-9,-9,-9,-9,-9,-9,-9,-9,-9,-9,-9,-9,-9,-9,-9,-9,-9,-9,-9,-9,-9,-9,-9,-9,.,.,.,.,.,.,.,.,.,.,.,.,.,.,.,.,.,.,.,.,.,.,.,.,.,.,.,.,.,.,.,.,.,.,.,.,.,.,.,.,.,.,.,.,.,.,.,.,.,.,?????????????????,????????,??????,????,???,????????,??????,?????,???,???,?????????????????,????????,??????,????,???,????????,??????,?????,???,???,?????????????????,????????,??????,????,???,????????,??????,?????,???,???,.,.,.,.,.,.,.,.,.,.,.,.,.,.,.,.,.,.,.,.,.,.,.,.,.,.,.,.,.,.,.,.,.,.,.,.,.,.,.,.,.,.,.,.,.,.,.,.,.,.
006,YU18,âFåüë∫âFåü,âÇî¸âFåü,-9,-9,-9,,Ç≠Ç—,_k_u__bi/(_k_u_bi_Å]k_u_b_)-k_u_b_/(k_u_b_z_),-9,-9,-9,-9,-9,-9,-9,.,.,.,.,.,.,.,.,.,.,-9,-9,-9,-9,-9,-9,-9,-9,-9,-9,-9,-9,-9,-9,-9,-9,-9,-9,-9,-9,-9,-9,-9,-9,-9,-9,-9,-9,-9,-9,.,.,.,.,.,.,.,.,.,.,.,.,.,.,.,.,.,.,.,.,.,.,.,.,.,.,.,.,.,.,.,.,.,.,.,.,.,.,.,.,.,.,.,.,.,.,.,.,.,.,?????????????????,????????,??????,????,???,????????,??????,?????,???,???,?????????????????,????????,??????,????,???,????????,??????,?????,???,???,?????????????????,????????,??????,????,???,????????,??????,?????,???,???,.,.,.,.,.,.,.,.,.,.,.,.,.,.,.,.,.,.,.,.,.,.,.,.,.,.,.,.,.,.,.,.,.,.,.,.,.,.,.,.,.,.,.,.,.,.,.,.,.,.
007,AN05,ê£åÀì‡í¨ä«ì›,ê£åÀä«ì›,-9,-9,-9,,Ç≠Ç—,k_u_p,-9,-9,-9,-9,-9,-9,-9,.,.,.,.,.,.,.,.,.,.,-9,-9,-9,-9,-9,-9,-9,-9,-9,-9,-9,-9,-9,-9,-9,-9,-9,-9,-9,-9,-9,-9,-9,-9,-9,-9,-9,-9,-9,-9,.,.,.,.,.,.,.,.,.,.,.,.,.,.,.,.,.,.,.,.,.,.,.,.,.,.,.,.,.,.,.,.,.,.,.,.,.,.,.,.,.,.,.,.,.,.,.,.,.,.,?????????????????,????????,??????,????,???,????????,??????,?????,???,???,?????????????????,????????,??????,????,???,????????,??????,?????,???,???,?????????????????,????????,??????,????,???,????????,??????,?????,???,???,.,.,.,.,.,.,.,.,.,.,.,.,.,.,.,.,.,.,.,.,.,.,.,.,.,.,.,.,.,.,.,.,.,.,.,.,.,.,.,.,.,.,.,.,.,.,.,.,.,.
008,AN13,ê£åÀì‡í¨ïêñº,ê£åÀïêñº,-9,-9,-9,,Ç≠Ç—,_kup/_nubi2_,-9,-9,-9,-9,-9,-9,-9,.,.,.,.,.,.,.,.,.,.,-9,-9,-9,-9,-9,-9,-9,-9,-9,-9,-9,-9,-9,-9,-9,-9,-9,-9,-9,-9,-9,-9,-9,-9,-9,-9,-9,-9,-9,-9,.,.,.,.,.,.,.,.,.,.,.,.,.,.,.,.,.,.,.,.,.,.,.,.,.,.,.,.,.,.,.,.,.,.,.,.,.,.,.,.,.,.,.,.,.,.,.,.,.,.,?????????????????,????????,??????,????,???,????????,??????,?????,???,???,?????????????????,????????,??????,????,???,????????,??????,?????,???,???,?????????????????,????????,??????,????,???,????????,??????,?????,???,???,.,.,.,.,.,.,.,.,.,.,.,.,.,.,.,.,.,.,.,.,.,.,.,.,.,.,.,.,.,.,.,.,.,.,.,.,.,.,.,.,.,.,.,.,.,.,.,.,.,.
009,AH14,ê£åÀì‡í¨â√ìS,ê£åÀâ√ìS,-9,-9,-9,,Ç≠Ç—,_k_u_p,-9,-9,-9,-9,-9,-9,-9,.,.,.,.,.,.,.,.,.,.,-9,-9,-9,-9,-9,-9,-9,-9,-9,-9,-9,-9,-9,-9,-9,-9,-9,-9,-9,-9,-9,-9,-9,-9,-9,-9,-9,-9,-9,-9,.,.,.,.,.,.,.,.,.,.,.,.,.,.,.,.,.,.,.,.,.,.,.,.,.,.,.,.,.,.,.,.,.,.,.,.,.,.,.,.,.,.,.,.,.,.,.,.,.,.,?????????????????,????????,??????,????,???,????????,??????,?????,???,???,?????????????????,????????,??????,????,???,????????,??????,?????,???,???,?????????????????,????????,??????,????,???,????????,??????,?????,???,???,.,.,.,.,.,.,.,.,.,.,.,.,.,.,.,.,.,.,.,.,.,.,.,.,.,.,.,.,.,.,.,.,.,.,.,.,.,.,.,.,.,.,.,.,.,.,.,.,.,.
010,AH15,ê£åÀì‡í¨ìnòA,ê£åÀìnòA,-9,-9,-9,,Ç≠Ç—,_k_up,-9,-9,-9,-9,-9,-9,-9,.,.,.,.,.,.,.,.,.,.,-9,-9,-9,-9,-9,-9,-9,-9,-9,-9,-9,-9,-9,-9,-9,-9,-9,-9,-9,-9,-9,-9,-9,-9,-9,-9,-9,-9,-9,-9,.,.,.,.,.,.,.,.,.,.,.,.,.,.,.,.,.,.,.,.,.,.,.,.,.,.,.,.,.,.,.,.,.,.,.,.,.,.,.,.,.,.,.,.,.,.,.,.,.,.,?????????????????,????????,??????,????,???,????????,??????,?????,???,???,?????????????????,????????,??????,????,???,????????,??????,?????,???,???,?????????????????,????????,??????,????,???,????????,??????,?????,???,???,.,.,.,.,.,.,.,.,.,.,.,.,.,.,.,.,.,.,.,.,.,.,.,.,.,.,.,.,.,.,.,.,.,.,.,.,.,.,.,.,.,.,.,.,.,.,.,.,.,.
011,KK01,äÏäEí¨éuåÀâ±,äÏäEéuåÀâ±,-9,-9,-9,,Ç≠Ç—,k_u_bi,-9,-9,-9,-9,-9,-9,-9,.,.,.,.,.,.,.,.,.,.,-9,-9,-9,-9,-9,-9,-9,-9,-9,-9,-9,-9,-9,-9,-9,-9,-9,-9,-9,-9,-9,-9,-9,-9,-9,-9,-9,-9,-9,-9,.,.,.,.,.,.,.,.,.,.,.,.,.,.,.,.,.,.,.,.,.,.,.,.,.,.,.,.,.,.,.,.,.,.,.,.,.,.,.,.,.,.,.,.,.,.,.,.,.,.,?????????????????,????????,??????,????,???,????????,??????,?????,???,???,?????????????????,????????,??????,????,???,????????,??????,?????,???,???,?????????????????,????????,??????,????,???,????????,??????,?????,???,???,.,.,.,.,.,.,.,.,.,.,.,.,.,.,.,.,.,.,.,.,.,.,.,.,.,.,.,.,.,.,.,.,.,.,.,.,.,.,.,.,.,.,.,.,.,.,.,.,.,.
012,KK12,äÏäEí¨à¢ì`,äÏäEà¢ì`,-9,-9,-9,,Ç≠Ç—,k_u_bi/nu_bi__,-9,-9,-9,-9,-9,-9,-9,.,.,.,.,.,.,.,.,.,.,-9,-9,-9,-9,-9,-9,-9,-9,-9,-9,-9,-9,-9,-9,-9,-9,-9,-9,-9,-9,-9,-9,-9,-9,-9,-9,-9,-9,-9,-9,.,.,.,.,.,.,.,.,.,.,.,.,.,.,.,.,.,.,.,.,.,.,.,.,.,.,.,.,.,.,.,.,.,.,.,.,.,.,.,.,.,.,.,.,.,.,.,.,.,.,?????????????????,????????,??????,????,???,????????,??????,?????,???,???,?????????????????,????????,??????,????,???,????????,??????,?????,???,???,?????????????????,????????,??????,????,???,????????,??????,?????,???,???,.,.,.,.,.,.,.,.,.,.,.,.,.,.,.,.,.,.,.,.,.,.,.,.,.,.,.,.,.,.,.,.,.,.,.,.,.,.,.,.,.,.,.,.,.,.,.,.,.,.
013,KK22,äÏäEí¨òp,äÏäEòp,-9,-9,-9,,Ç≠Ç—,k_u_bi,-9,-9,-9,-9,-9,-9,-9,.,.,.,.,.,.,.,.,.,.,-9,-9,-9,-9,-9,-9,-9,-9,-9,-9,-9,-9,-9,-9,-9,-9,-9,-9,-9,-9,-9,-9,-9,-9,-9,-9,-9,-9,-9,-9,.,.,.,.,.,.,.,.,.,.,.,.,.,.,.,.,.,.,.,.,.,.,.,.,.,.,.,.,.,.,.,.,.,.,.,.,.,.,.,.,.,.,.,.,.,.,.,.,.,.,?????????????????,????????,??????,????,???,????????,??????,?????,???,???,?????????????????,????????,??????,????,???,????????,??????,?????,???,???,?????????????????,????????,??????,????,???,????????,??????,?????,???,???,.,.,.,.,.,.,.,.,.,.,.,.,.,.,.,.,.,.,.,.,.,.,.,.,.,.,.,.,.,.,.,.,.,.,.,.,.,.,.,.,.,.,.,.,.,.,.,.,.,.
014,NM04,ìVèÈí¨êÛä‘,ìøîVêÛä‘,-9,-9,-9,,Ç≠Ç—,_ku_i,-9,-9,-9,-9,-9,-9,-9,.,.,.,.,.,.,.,.,.,.,-9,-9,-9,-9,-9,-9,-9,-9,-9,-9,-9,-9,-9,-9,-9,-9,-9,-9,-9,-9,-9,-9,-9,-9,-9,-9,-9,-9,-9,-9,.,.,.,.,.,.,.,.,.,.,.,.,.,.,.,.,.,.,.,.,.,.,.,.,.,.,.,.,.,.,.,.,.,.,.,.,.,.,.,.,.,.,.,.,.,.,.,.,.,.,?????????????????,????????,??????,????,???,????????,??????,?????,???,???,?????????????????,????????,??????,????,???,????????,??????,?????,???,???,?????????????????,????????,??????,????,???,????????,??????,?????,???,???,.,.,.,.,.,.,.,.,.,.,.,.,.,.,.,.,.,.,.,.,.,.,.,.,.,.,.,.,.,.,.,.,.,.,.,.,.,.,.,.,.,.,.,.,.,.,.,.,.,.
015,TH03,ìøîVìáí¨ãTìø,ìøîVãTìø,-9,-9,-9,,Ç≠Ç—,_ku_bi,-9,-9,-9,-9,-9,-9,-9,.,.,.,.,.,.,.,.,.,.,-9,-9,-9,-9,-9,-9,-9,-9,-9,-9,-9,-9,-9,-9,-9,-9,-9,-9,-9,-9,-9,-9,-9,-9,-9,-9,-9,-9,-9,-9,.,.,.,.,.,.,.,.,.,.,.,.,.,.,.,.,.,.,.,.,.,.,.,.,.,.,.,.,.,.,.,.,.,.,.,.,.,.,.,.,.,.,.,.,.,.,.,.,.,.,?????????????????,????????,??????,????,???,????????,??????,?????,???,???,?????????????????,????????,??????,????,???,????????,??????,?????,???,???,?????????????????,????????,??????,????,???,????????,??????,?????,???,???,.,.,.,.,.,.,.,.,.,.,.,.,.,.,.,.,.,.,.,.,.,.,.,.,.,.,.,.,.,.,.,.,.,.,.,.,.,.,.,.,.,.,.,.,.,.,.,.,.,.
016,OM03,à…êÂí¨à…êÂ,ìøîVà…êÂ,-9,-9,-9,,Ç≠Ç—,_k_ubi,-9,-9,-9,-9,-9,-9,-9,.,.,.,.,.,.,.,.,.,.,-9,-9,-9,-9,-9,-9,-9,-9,-9,-9,-9,-9,-9,-9,-9,-9,-9,-9,-9,-9,-9,-9,-9,-9,-9,-9,-9,-9,-9,-9,.,.,.,.,.,.,.,.,.,.,.,.,.,.,.,.,.,.,.,.,.,.,.,.,.,.,.,.,.,.,.,.,.,.,.,.,.,.,.,.,.,.,.,.,.,.,.,.,.,.,?????????????????,????????,??????,????,???,????????,??????,?????,???,???,?????????????????,????????,??????,????,???,????????,??????,?????,???,???,?????????????????,????????,??????,????,???,????????,??????,?????,???,???,.,.,.,.,.,.,.,.,.,.,.,.,.,.,.,.,.,.,.,.,.,.,.,.,.,.,.,.,.,.,.,.,.,.,.,.,.,.,.,.,.,.,.,.,.,.,.,.,.,.
017,OK02,òaîëí¨òaîë,â´âiòaîë,-9,-9,-9,,Ç≠Ç—,_ku_bi_,-9,-9,-9,-9,-9,-9,-9,.,.,.,.,.,.,.,.,.,.,-9,-9,-9,-9,-9,-9,-9,-9,-9,-9,-9,-9,-9,-9,-9,-9,-9,-9,-9,-9,-9,-9,-9,-9,-9,-9,-9,-9,-9,-9,.,.,.,.,.,.,.,.,.,.,.,.,.,.,.,.,.,.,.,.,.,.,.,.,.,.,.,.,.,.,.,.,.,.,.,.,.,.,.,.,.,.,.,.,.,.,.,.,.,.,?????????????????,????????,??????,????,???,????????,??????,?????,???,???,?????????????????,????????,??????,????,???,????????,??????,?????,???,???,?????????????????,????????,??????,????,???,????????,??????,?????,???,???,.,.,.,.,.,.,.,.,.,.,.,.,.,.,.,.,.,.,.,.,.,.,.,.,.,.,.,.,.,.,.,.,.,.,.,.,.,.,.,.,.,.,.,.,.,.,.,.,.,.
018,OK06,ímñºí¨ímñº,â´âiímñº,-9,-9,-9,,Ç≠Ç—,k_u_bi,-9,-9,-9,-9,-9,-9,-9,.,.,.,.,.,.,.,.,.,.,-9,-9,-9,-9,-9,-9,-9,-9,-9,-9,-9,-9,-9,-9,-9,-9,-9,-9,-9,-9,-9,-9,-9,-9,-9,-9,-9,-9,-9,-9,.,.,.,.,.,.,.,.,.,.,.,.,.,.,.,.,.,.,.,.,.,.,.,.,.,.,.,.,.,.,.,.,.,.,.,.,.,.,.,.,.,.,.,.,.,.,.,.,.,.,?????????????????,????????,??????,????,???,????????,??????,?????,???,???,?????????????????,????????,??????,????,???,????????,??????,?????,???,???,?????????????????,????????,??????,????,???,????????,??????,?????,???,???,.,.,.,.,.,.,.,.,.,.,.,.,.,.,.,.,.,.,.,.,.,.,.,.,.,.,.,.,.,.,.,.,.,.,.,.,.,.,.,.,.,.,.,.,.,.,.,.,.,.
019,YR01,ó^ò_í¨íÉâ‘,ó^ò_íÉâ‘,-9,-9,-9,,Ç≠Ç—,_kubi,-9,-9,-9,-9,-9,-9,-9,.,.,.,.,.,.,.,.,.,.,-9,-9,-9,-9,-9,-9,-9,-9,-9,-9,-9,-9,-9,-9,-9,-9,-9,-9,-9,-9,-9,-9,-9,-9,-9,-9,-9,-9,-9,-9,.,.,.,.,.,.,.,.,.,.,.,.,.,.,.,.,.,.,.,.,.,.,.,.,.,.,.,.,.,.,.,.,.,.,.,.,.,.,.,.,.,.,.,.,.,.,.,.,.,.,?????????????????,????????,??????,????,???,????????,??????,?????,???,???,?????????????????,????????,??????,????,???,????????,??????,?????,???,???,?????????????????,????????,??????,????,???,????????,??????,?????,???,???,.,.,.,.,.,.,.,.,.,.,.,.,.,.,.,.,.,.,.,.,.,.,.,.,.,.,.,.,.,.,.,.,.,.,.,.,.,.,.,.,.,.,.,.,.,.,.,.,.,.
020,IH02,à…ïΩâÆë∫â‰äÏâÆ,à…ïΩâ‰äÏâÆ,-9,-9,-9,,Ç≠Ç—,_k(_)ubiÅ^_ka_iÅö,-9,-9,-9,-9,-9,-9,-9,.,.,.,.,.,.,.,.,.,.,-9,-9,-9,-9,-9,-9,-9,-9,-9,-9,-9,-9,-9,-9,-9,-9,-9,-9,-9,-9,-9,-9,-9,-9,-9,-9,-9,-9,-9,-9,.,.,.,.,.,.,.,.,.,.,.,.,.,.,.,.,.,.,.,.,.,.,.,.,.,.,.,.,.,.,.,.,.,.,.,.,.,.,.,.,.,.,.,.,.,.,.,.,.,.,?????????????????,????????,??????,????,???,????????,??????,?????,???,???,?????????????????,????????,??????,????,???,????????,??????,?????,???,???,?????????????????,????????,??????,????,???,????????,??????,?????,???,???,.,.,.,.,.,.,.,.,.,.,.,.,.,.,.,.,.,.,.,.,.,.,.,.,.,.,.,.,.,.,.,.,.,.,.,.,.,.,.,.,.,.,.,.,.,.,.,.,.,.
021,IZ01,à…ê•ñºë∫èîå©,à…ê•èîå©,-9,-9,-9,,Ç≠Ç—,_k_ui,-9,-9,-9,-9,-9,-9,-9,.,.,.,.,.,.,.,.,.,.,-9,-9,-9,-9,-9,-9,-9,-9,-9,-9,-9,-9,-9,-9,-9,-9,-9,-9,-9,-9,-9,-9,-9,-9,-9,-9,-9,-9,-9,-9,.,.,.,.,.,.,.,.,.,.,.,.,.,.,.,.,.,.,.,.,.,.,.,.,.,.,.,.,.,.,.,.,.,.,.,.,.,.,.,.,.,.,.,.,.,.,.,.,.,.,?????????????????,????????,??????,????,???,????????,??????,?????,???,???,?????????????????,????????,??????,????,???,????????,??????,?????,???,???,?????????????????,????????,??????,????,???,????????,??????,?????,???,???,.,.,.,.,.,.,.,.,.,.,.,.,.,.,.,.,.,.,.,.,.,.,.,.,.,.,.,.,.,.,.,.,.,.,.,.,.,.,.,.,.,.,.,.,.,.,.,.,.,.
022,IE02,à…ç]ë∫ìåç]ëO,à…ç]ìåç]ëO,-9,-9,-9,,Ç≠Ç—,k_u_di,-9,-9,-9,-9,-9,-9,-9,.,.,.,.,.,.,.,.,.,.,-9,-9,-9,-9,-9,-9,-9,-9,-9,-9,-9,-9,-9,-9,-9,-9,-9,-9,-9,-9,-9,-9,-9,-9,-9,-9,-9,-9,-9,-9,.,.,.,.,.,.,.,.,.,.,.,.,.,.,.,.,.,.,.,.,.,.,.,.,.,.,.,.,.,.,.,.,.,.,.,.,.,.,.,.,.,.,.,.,.,.,.,.,.,.,?????????????????,????????,??????,????,???,????????,??????,?????,???,???,?????????????????,????????,??????,????,???,????????,??????,?????,???,???,?????????????????,????????,??????,????,???,????????,??????,?????,???,???,.,.,.,.,.,.,.,.,.,.,.,.,.,.,.,.,.,.,.,.,.,.,.,.,.,.,.,.,.,.,.,.,.,.,.,.,.,.,.,.,.,.,.,.,.,.,.,.,.,.
023,KU14,çëì™ë∫ï”ìyñº,çëì™ï”ìyñº,-9,-9,-9,,Ç≠Ç—,k_ubi,-9,-9,-9,-9,-9,-9,-9,.,.,.,.,.,.,.,.,.,.,-9,-9,-9,-9,-9,-9,-9,-9,-9,-9,-9,-9,-9,-9,-9,-9,-9,-9,-9,-9,-9,-9,-9,-9,-9,-9,-9,-9,-9,-9,.,.,.,.,.,.,.,.,.,.,.,.,.,.,.,.,.,.,.,.,.,.,.,.,.,.,.,.,.,.,.,.,.,.,.,.,.,.,.,.,.,.,.,.,.,.,.,.,.,.,?????????????????,????????,??????,????,???,????????,??????,?????,???,???,?????????????????,????????,??????,????,???,????????,??????,?????,???,???,?????????????????,????????,??????,????,???,????????,??????,?????,???,???,.,.,.,.,.,.,.,.,.,.,.,.,.,.,.,.,.,.,.,.,.,.,.,.,.,.,.,.,.,.,.,.,.,.,.,.,.,.,.,.,.,.,.,.,.,.,.,.,.,.
024,KU08,çëì™ë∫ï”ñÏäÏ,çëì™ï”ñÏäÏ,-9,-9,-9,,Ç≠Ç—,_kubi,-9,-9,-9,-9,-9,-9,-9,.,.,.,.,.,.,.,.,.,.,-9,-9,-9,-9,-9,-9,-9,-9,-9,-9,-9,-9,-9,-9,-9,-9,-9,-9,-9,-9,-9,-9,-9,-9,-9,-9,-9,-9,-9,-9,.,.,.,.,.,.,.,.,.,.,.,.,.,.,.,.,.,.,.,.,.,.,.,.,.,.,.,.,.,.,.,.,.,.,.,.,.,.,.,.,.,.,.,.,.,.,.,.,.,.,?????????????????,????????,??????,????,???,????????,??????,?????,???,???,?????????????????,????????,??????,????,???,????????,??????,?????,???,???,?????????????????,????????,??????,????,???,????????,??????,?????,???,???,.,.,.,.,.,.,.,.,.,.,.,.,.,.,.,.,.,.,.,.,.,.,.,.,.,.,.,.,.,.,.,.,.,.,.,.,.,.,.,.,.,.,.,.,.,.,.,.,.,.
025,OG07,ëÂãXñ°ë∫ç™òHñ¡,ëÂãXç™òHñ¡,-9,-9,-9,,Ç≠Ç—,k_ubi,-9,-9,-9,-9,-9,-9,-9,.,.,.,.,.,.,.,.,.,.,-9,-9,-9,-9,-9,-9,-9,-9,-9,-9,-9,-9,-9,-9,-9,-9,-9,-9,-9,-9,-9,-9,-9,-9,-9,-9,-9,-9,-9,-9,.,.,.,.,.,.,.,.,.,.,.,.,.,.,.,.,.,.,.,.,.,.,.,.,.,.,.,.,.,.,.,.,.,.,.,.,.,.,.,.,.,.,.,.,.,.,.,.,.,.,?????????????????,????????,??????,????,???,????????,??????,?????,???,???,?????????????????,????????,??????,????,???,????????,??????,?????,???,???,?????????????????,????????,??????,????,???,????????,??????,?????,???,???,.,.,.,.,.,.,.,.,.,.,.,.,.,.,.,.,.,.,.,.,.,.,.,.,.,.,.,.,.,.,.,.,.,.,.,.,.,.,.,.,.,.,.,.,.,.,.,.,.,.
026,NN12,ç°ãAêmë∫ó^ìﬂó‰,ç°ãAó^ìﬂó‰,-9,-9,-9,,Ç≠Ç—,k_u_bi_,-9,-9,-9,-9,-9,-9,-9,.,.,.,.,.,.,.,.,.,.,-9,-9,-9,-9,-9,-9,-9,-9,-9,-9,-9,-9,-9,-9,-9,-9,-9,-9,-9,-9,-9,-9,-9,-9,-9,-9,-9,-9,-9,-9,.,.,.,.,.,.,.,.,.,.,.,.,.,.,.,.,.,.,.,.,.,.,.,.,.,.,.,.,.,.,.,.,.,.,.,.,.,.,.,.,.,.,.,.,.,.,.,.,.,.,?????????????????,????????,??????,????,???,????????,??????,?????,???,???,?????????????????,????????,??????,????,???,????????,??????,?????,???,???,?????????????????,????????,??????,????,???,????????,??????,?????,???,???,.,.,.,.,.,.,.,.,.,.,.,.,.,.,.,.,.,.,.,.,.,.,.,.,.,.,.,.,.,.,.,.,.,.,.,.,.,.,.,.,.,.,.,.,.,.,.,.,.,.
027,MB02,ñ{ïîí¨îıê£,ñ{ïîîıê£,-9,-9,-9,,Ç≠Ç—,k_u_bi,-9,-9,-9,-9,-9,-9,-9,.,.,.,.,.,.,.,.,.,.,-9,-9,-9,-9,-9,-9,-9,-9,-9,-9,-9,-9,-9,-9,-9,-9,-9,-9,-9,-9,-9,-9,-9,-9,-9,-9,-9,-9,-9,-9,.,.,.,.,.,.,.,.,.,.,.,.,.,.,.,.,.,.,.,.,.,.,.,.,.,.,.,.,.,.,.,.,.,.,.,.,.,.,.,.,.,.,.,.,.,.,.,.,.,.,?????????????????,????????,??????,????,???,????????,??????,?????,???,???,?????????????????,????????,??????,????,???,????????,??????,?????,???,???,?????????????????,????????,??????,????,???,????????,??????,?????,???,???,.,.,.,.,.,.,.,.,.,.,.,.,.,.,.,.,.,.,.,.,.,.,.,.,.,.,.,.,.,.,.,.,.,.,.,.,.,.,.,.,.,.,.,.,.,.,.,.,.,.
028,MB06,ñ{ïîí¨ïlå≥,ñ{ïîïlå≥,-9,-9,-9,,Ç≠Ç—,k_u_bi,-9,-9,-9,-9,-9,-9,-9,.,.,.,.,.,.,.,.,.,.,-9,-9,-9,-9,-9,-9,-9,-9,-9,-9,-9,-9,-9,-9,-9,-9,-9,-9,-9,-9,-9,-9,-9,-9,-9,-9,-9,-9,-9,-9,.,.,.,.,.,.,.,.,.,.,.,.,.,.,.,.,.,.,.,.,.,.,.,.,.,.,.,.,.,.,.,.,.,.,.,.,.,.,.,.,.,.,.,.,.,.,.,.,.,.,?????????????????,????????,??????,????,???,????????,??????,?????,???,???,?????????????????,????????,??????,????,???,????????,??????,?????,???,???,?????????????????,????????,??????,????,???,????????,??????,?????,???,???,.,.,.,.,.,.,.,.,.,.,.,.,.,.,.,.,.,.,.,.,.,.,.,.,.,.,.,.,.,.,.,.,.,.,.,.,.,.,.,.,.,.,.,.,.,.,.,.,.,.
029,HJ08,ñºåÏésêÏè„,ñºåÏêÏè„,-9,-9,-9,,Ç≠Ç—,k_u__bi_,-9,-9,-9,-9,-9,-9,-9,.,.,.,.,.,.,.,.,.,.,-9,-9,-9,-9,-9,-9,-9,-9,-9,-9,-9,-9,-9,-9,-9,-9,-9,-9,-9,-9,-9,-9,-9,-9,-9,-9,-9,-9,-9,-9,.,.,.,.,.,.,.,.,.,.,.,.,.,.,.,.,.,.,.,.,.,.,.,.,.,.,.,.,.,.,.,.,.,.,.,.,.,.,.,.,.,.,.,.,.,.,.,.,.,.,?????????????????,????????,??????,????,???,????????,??????,?????,???,???,?????????????????,????????,??????,????,???,????????,??????,?????,???,???,?????????????????,????????,??????,????,???,????????,??????,?????,???,???,.,.,.,.,.,.,.,.,.,.,.,.,.,.,.,.,.,.,.,.,.,.,.,.,.,.,.,.,.,.,.,.,.,.,.,.,.,.,.,.,.,.,.,.,.,.,.,.,.,.
030,NG06,ñºåÏésñºåÏ,ñºåÏëÂåì,-9,-9,-9,,Ç≠Ç—,k_u_i,-9,-9,-9,-9,-9,-9,-9,.,.,.,.,.,.,.,.,.,.,-9,-9,-9,-9,-9,-9,-9,-9,-9,-9,-9,-9,-9,-9,-9,-9,-9,-9,-9,-9,-9,-9,-9,-9,-9,-9,-9,-9,-9,-9,.,.,.,.,.,.,.,.,.,.,.,.,.,.,.,.,.,.,.,.,.,.,.,.,.,.,.,.,.,.,.,.,.,.,.,.,.,.,.,.,.,.,.,.,.,.,.,.,.,.,?????????????????,????????,??????,????,???,????????,??????,?????,???,???,?????????????????,????????,??????,????,???,????????,??????,?????,???,???,?????????????????,????????,??????,????,???,????????,??????,?????,???,???,.,.,.,.,.,.,.,.,.,.,.,.,.,.,.,.,.,.,.,.,.,.,.,.,.,.,.,.,.,.,.,.,.,.,.,.,.,.,.,.,.,.,.,.,.,.,.,.,.,.
031,ON04,â∂î[ë∫â∂î[,â∂î[â∂î[,-9,-9,-9,,Ç≠Ç—,_k_ubi,-9,-9,-9,-9,-9,-9,-9,.,.,.,.,.,.,.,.,.,.,-9,-9,-9,-9,-9,-9,-9,-9,-9,-9,-9,-9,-9,-9,-9,-9,-9,-9,-9,-9,-9,-9,-9,-9,-9,-9,-9,-9,-9,-9,.,.,.,.,.,.,.,.,.,.,.,.,.,.,.,.,.,.,.,.,.,.,.,.,.,.,.,.,.,.,.,.,.,.,.,.,.,.,.,.,.,.,.,.,.,.,.,.,.,.,?????????????????,????????,??????,????,???,????????,??????,?????,???,???,?????????????????,????????,??????,????,???,????????,??????,?????,???,???,?????????????????,????????,??????,????,???,????????,??????,?????,???,???,.,.,.,.,.,.,.,.,.,.,.,.,.,.,.,.,.,.,.,.,.,.,.,.,.,.,.,.,.,.,.,.,.,.,.,.,.,.,.,.,.,.,.,.,.,.,.,.,.,.
032,KI06,ã‡ïêí¨ã‡ïê,ã‡ïêã‡ïê,-9,-9,-9,,Ç≠Ç—,k_ubi,-9,-9,-9,-9,-9,-9,-9,.,.,.,.,.,.,.,.,.,.,-9,-9,-9,-9,-9,-9,-9,-9,-9,-9,-9,-9,-9,-9,-9,-9,-9,-9,-9,-9,-9,-9,-9,-9,-9,-9,-9,-9,-9,-9,.,.,.,.,.,.,.,.,.,.,.,.,.,.,.,.,.,.,.,.,.,.,.,.,.,.,.,.,.,.,.,.,.,.,.,.,.,.,.,.,.,.,.,.,.,.,.,.,.,.,?????????????????,????????,??????,????,???,????????,??????,?????,???,???,?????????????????,????????,??????,????,???,????????,??????,?????,???,???,?????????????????,????????,??????,????,???,????????,??????,?????,???,???,.,.,.,.,.,.,.,.,.,.,.,.,.,.,.,.,.,.,.,.,.,.,.,.,.,.,.,.,.,.,.,.,.,.,.,.,.,.,.,.,.,.,.,.,.,.,.,.,.,.
033,YT15,ì«íJë∫å√åò,ì«íJå√åò,-9,-9,-9,,Ç≠Ç—,ku_bi,-9,-9,-9,-9,-9,-9,-9,.,.,.,.,.,.,.,.,.,.,-9,-9,-9,-9,-9,-9,-9,-9,-9,-9,-9,-9,-9,-9,-9,-9,-9,-9,-9,-9,-9,-9,-9,-9,-9,-9,-9,-9,-9,-9,.,.,.,.,.,.,.,.,.,.,.,.,.,.,.,.,.,.,.,.,.,.,.,.,.,.,.,.,.,.,.,.,.,.,.,.,.,.,.,.,.,.,.,.,.,.,.,.,.,.,?????????????????,????????,??????,????,???,????????,??????,?????,???,???,?????????????????,????????,??????,????,???,????????,??????,?????,???,???,?????????????????,????????,??????,????,???,????????,??????,?????,???,???,.,.,.,.,.,.,.,.,.,.,.,.,.,.,.,.,.,.,.,.,.,.,.,.,.,.,.,.,.,.,.,.,.,.,.,.,.,.,.,.,.,.,.,.,.,.,.,.,.,.
034,MS01,ãåêŒêÏésêŒêÏ,êŒêÏêŒêÏ,-9,-9,-9,,Ç≠Ç—,_ka_i,-9,-9,-9,-9,-9,-9,-9,.,.,.,.,.,.,.,.,.,.,-9,-9,-9,-9,-9,-9,-9,-9,-9,-9,-9,-9,-9,-9,-9,-9,-9,-9,-9,-9,-9,-9,-9,-9,-9,-9,-9,-9,-9,-9,.,.,.,.,.,.,.,.,.,.,.,.,.,.,.,.,.,.,.,.,.,.,.,.,.,.,.,.,.,.,.,.,.,.,.,.,.,.,.,.,.,.,.,.,.,.,.,.,.,.,?????????????????,????????,??????,????,???,????????,??????,?????,???,???,?????????????????,????????,??????,????,???,????????,??????,?????,???,???,?????????????????,????????,??????,????,???,????????,??????,?????,???,???,.,.,.,.,.,.,.,.,.,.,.,.,.,.,.,.,.,.,.,.,.,.,.,.,.,.,.,.,.,.,.,.,.,.,.,.,.,.,.,.,.,.,.,.,.,.,.,.,.,.
035,GK07,â´ìÍéså”âÆ,â´ìÍå”âÆ,-9,-9,-9,,Ç≠Ç—,_kubi,-9,-9,-9,-9,-9,-9,-9,.,.,.,.,.,.,.,.,.,.,-9,-9,-9,-9,-9,-9,-9,-9,-9,-9,-9,-9,-9,-9,-9,-9,-9,-9,-9,-9,-9,-9,-9,-9,-9,-9,-9,-9,-9,-9,.,.,.,.,.,.,.,.,.,.,.,.,.,.,.,.,.,.,.,.,.,.,.,.,.,.,.,.,.,.,.,.,.,.,.,.,.,.,.,.,.,.,.,.,.,.,.,.,.,.,?????????????????,????????,??????,????,???,????????,??????,?????,???,???,?????????????????,????????,??????,????,???,????????,??????,?????,???,???,?????????????????,????????,??????,????,???,????????,??????,?????,???,???,.,.,.,.,.,.,.,.,.,.,.,.,.,.,.,.,.,.,.,.,.,.,.,.,.,.,.,.,.,.,.,.,.,.,.,.,.,.,.,.,.,.,.,.,.,.,.,.,.,.
036,GS08,ãåãÔéuêÏésãÔéuêÏ,Ç§ÇÈãÔéuêÏ,-9,-9,-9,,Ç≠Ç—,ku_bi,-9,-9,-9,-9,-9,-9,-9,.,.,.,.,.,.,.,.,.,.,-9,-9,-9,-9,-9,-9,-9,-9,-9,-9,-9,-9,-9,-9,-9,-9,-9,-9,-9,-9,-9,-9,-9,-9,-9,-9,-9,-9,-9,-9,.,.,.,.,.,.,.,.,.,.,.,.,.,.,.,.,.,.,.,.,.,.,.,.,.,.,.,.,.,.,.,.,.,.,.,.,.,.,.,.,.,.,.,.,.,.,.,.,.,.,?????????????????,????????,??????,????,???,????????,??????,?????,???,???,?????????????????,????????,??????,????,???,????????,??????,?????,???,???,?????????????????,????????,??????,????,???,????????,??????,?????,???,???,.,.,.,.,.,.,.,.,.,.,.,.,.,.,.,.,.,.,.,.,.,.,.,.,.,.,.,.,.,.,.,.,.,.,.,.,.,.,.,.,.,.,.,.,.,.,.,.,.,.
037,YN02,ãåèüòAí¨ó^ìﬂèÈ,Ç§ÇÈó^ìﬂèÈ,-9,-9,-9,,Ç≠Ç—,_kubi,-9,-9,-9,-9,-9,-9,-9,.,.,.,.,.,.,.,.,.,.,-9,-9,-9,-9,-9,-9,-9,-9,-9,-9,-9,-9,-9,-9,-9,-9,-9,-9,-9,-9,-9,-9,-9,-9,-9,-9,-9,-9,-9,-9,.,.,.,.,.,.,.,.,.,.,.,.,.,.,.,.,.,.,.,.,.,.,.,.,.,.,.,.,.,.,.,.,.,.,.,.,.,.,.,.,.,.,.,.,.,.,.,.,.,.,?????????????????,????????,??????,????,???,????????,??????,?????,???,???,?????????????????,????????,??????,????,???,????????,??????,?????,???,???,?????????????????,????????,??????,????,???,????????,??????,?????,???,???,.,.,.,.,.,.,.,.,.,.,.,.,.,.,.,.,.,.,.,.,.,.,.,.,.,.,.,.,.,.,.,.,.,.,.,.,.,.,.,.,.,.,.,.,.,.,.,.,.,.
038,YN09,ãåèüòAí¨ïΩà¿ç¿,Ç§ÇÈïΩà¿ç¿,-9,-9,-9,,Ç≠Ç—,ku__bi,-9,-9,-9,-9,-9,-9,-9,.,.,.,.,.,.,.,.,.,.,-9,-9,-9,-9,-9,-9,-9,-9,-9,-9,-9,-9,-9,-9,-9,-9,-9,-9,-9,-9,-9,-9,-9,-9,-9,-9,-9,-9,-9,-9,.,.,.,.,.,.,.,.,.,.,.,.,.,.,.,.,.,.,.,.,.,.,.,.,.,.,.,.,.,.,.,.,.,.,.,.,.,.,.,.,.,.,.,.,.,.,.,.,.,.,?????????????????,????????,??????,????,???,????????,??????,?????,???,???,?????????????????,????????,??????,????,???,????????,??????,?????,???,???,?????????????????,????????,??????,????,???,????????,??????,?????,???,???,.,.,.,.,.,.,.,.,.,.,.,.,.,.,.,.,.,.,.,.,.,.,.,.,.,.,.,.,.,.,.,.,.,.,.,.,.,.,.,.,.,.,.,.,.,.,.,.,.,.
039,CT12,ñkíJí¨ñkíJ,ñkíJñkíJ,-9,-9,-9,,Ç≠Ç—,ku_bi,-9,-9,-9,-9,-9,-9,-9,.,.,.,.,.,.,.,.,.,.,-9,-9,-9,-9,-9,-9,-9,-9,-9,-9,-9,-9,-9,-9,-9,-9,-9,-9,-9,-9,-9,-9,-9,-9,-9,-9,-9,-9,-9,-9,.,.,.,.,.,.,.,.,.,.,.,.,.,.,.,.,.,.,.,.,.,.,.,.,.,.,.,.,.,.,.,.,.,.,.,.,.,.,.,.,.,.,.,.,.,.,.,.,.,.,?????????????????,????????,??????,????,???,????????,??????,?????,???,???,?????????????????,????????,??????,????,???,????????,??????,?????,???,???,?????????????????,????????,??????,????,???,????????,??????,?????,???,???,.,.,.,.,.,.,.,.,.,.,.,.,.,.,.,.,.,.,.,.,.,.,.,.,.,.,.,.,.,.,.,.,.,.,.,.,.,.,.,.,.,.,.,.,.,.,.,.,.,.
040,NK17,íÜèÈë∫âÆãX,ñkíÜâÆãX,-9,-9,-9,,Ç≠Ç—,ku_bi,-9,-9,-9,-9,-9,-9,-9,.,.,.,.,.,.,.,.,.,.,-9,-9,-9,-9,-9,-9,-9,-9,-9,-9,-9,-9,-9,-9,-9,-9,-9,-9,-9,-9,-9,-9,-9,-9,-9,-9,-9,-9,-9,-9,.,.,.,.,.,.,.,.,.,.,.,.,.,.,.,.,.,.,.,.,.,.,.,.,.,.,.,.,.,.,.,.,.,.,.,.,.,.,.,.,.,.,.,.,.,.,.,.,.,.,?????????????????,????????,??????,????,???,????????,??????,?????,???,???,?????????????????,????????,??????,????,???,????????,??????,?????,???,???,?????????????????,????????,??????,????,???,????????,??????,?????,???,???,.,.,.,.,.,.,.,.,.,.,.,.,.,.,.,.,.,.,.,.,.,.,.,.,.,.,.,.,.,.,.,.,.,.,.,.,.,.,.,.,.,.,.,.,.,.,.,.,.,.
041,GW01,ãXñÏòpésïÅìVä‘,ãXòpïÅìVä‘,-9,-9,-9,,Ç≠Ç—,_kubi,-9,-9,-9,-9,-9,-9,-9,.,.,.,.,.,.,.,.,.,.,-9,-9,-9,-9,-9,-9,-9,-9,-9,-9,-9,-9,-9,-9,-9,-9,-9,-9,-9,-9,-9,-9,-9,-9,-9,-9,-9,-9,-9,-9,.,.,.,.,.,.,.,.,.,.,.,.,.,.,.,.,.,.,.,.,.,.,.,.,.,.,.,.,.,.,.,.,.,.,.,.,.,.,.,.,.,.,.,.,.,.,.,.,.,.,?????????????????,????????,??????,????,???,????????,??????,?????,???,???,?????????????????,????????,??????,????,???,????????,??????,?????,???,???,?????????????????,????????,??????,????,???,????????,??????,?????,???,???,.,.,.,.,.,.,.,.,.,.,.,.,.,.,.,.,.,.,.,.,.,.,.,.,.,.,.,.,.,.,.,.,.,.,.,.,.,.,.,.,.,.,.,.,.,.,.,.,.,.
042,GW06,ãXñÏòpésëÂéR,ãXòpëÂéR,-9,-9,-9,,Ç≠Ç—,_kubi,-9,-9,-9,-9,-9,-9,-9,.,.,.,.,.,.,.,.,.,.,-9,-9,-9,-9,-9,-9,-9,-9,-9,-9,-9,-9,-9,-9,-9,-9,-9,-9,-9,-9,-9,-9,-9,-9,-9,-9,-9,-9,-9,-9,.,.,.,.,.,.,.,.,.,.,.,.,.,.,.,.,.,.,.,.,.,.,.,.,.,.,.,.,.,.,.,.,.,.,.,.,.,.,.,.,.,.,.,.,.,.,.,.,.,.,?????????????????,????????,??????,????,???,????????,??????,?????,???,???,?????????????????,????????,??????,????,???,????????,??????,?????,???,???,?????????????????,????????,??????,????,???,????????,??????,?????,???,???,.,.,.,.,.,.,.,.,.,.,.,.,.,.,.,.,.,.,.,.,.,.,.,.,.,.,.,.,.,.,.,.,.,.,.,.,.,.,.,.,.,.,.,.,.,.,.,.,.,.
043,US06,âYìYésà¿îgíÉ,âYìYà¿îgíÉ,-9,-9,-9,,Ç≠Ç—,ku_bi,-9,-9,-9,-9,-9,-9,-9,.,.,.,.,.,.,.,.,.,.,-9,-9,-9,-9,-9,-9,-9,-9,-9,-9,-9,-9,-9,-9,-9,-9,-9,-9,-9,-9,-9,-9,-9,-9,-9,-9,-9,-9,-9,-9,.,.,.,.,.,.,.,.,.,.,.,.,.,.,.,.,.,.,.,.,.,.,.,.,.,.,.,.,.,.,.,.,.,.,.,.,.,.,.,.,.,.,.,.,.,.,.,.,.,.,?????????????????,????????,??????,????,???,????????,??????,?????,???,???,?????????????????,????????,??????,????,???,????????,??????,?????,???,???,?????????????????,????????,??????,????,???,????????,??????,?????,???,???,.,.,.,.,.,.,.,.,.,.,.,.,.,.,.,.,.,.,.,.,.,.,.,.,.,.,.,.,.,.,.,.,.,.,.,.,.,.,.,.,.,.,.,.,.,.,.,.,.,.
044,NH10,êºå¥í¨è¨îgí√,êºå¥è¨îgí√,-9,-9,-9,,Ç≠Ç—,_ku__bi,-9,-9,-9,-9,-9,-9,-9,.,.,.,.,.,.,.,.,.,.,-9,-9,-9,-9,-9,-9,-9,-9,-9,-9,-9,-9,-9,-9,-9,-9,-9,-9,-9,-9,-9,-9,-9,-9,-9,-9,-9,-9,-9,-9,.,.,.,.,.,.,.,.,.,.,.,.,.,.,.,.,.,.,.,.,.,.,.,.,.,.,.,.,.,.,.,.,.,.,.,.,.,.,.,.,.,.,.,.,.,.,.,.,.,.,?????????????????,????????,??????,????,???,????????,??????,?????,???,???,?????????????????,????????,??????,????,???,????????,??????,?????,???,???,?????????????????,????????,??????,????,???,????????,??????,?????,???,???,.,.,.,.,.,.,.,.,.,.,.,.,.,.,.,.,.,.,.,.,.,.,.,.,.,.,.,.,.,.,.,.,.,.,.,.,.,.,.,.,.,.,.,.,.,.,.,.,.,.
045,NK25,èüòAí¨í√åò,Ç§ÇÈí√åò,-9,-9,-9,,Ç≠Ç—,k_u_bi,-9,-9,-9,-9,-9,-9,-9,.,.,.,.,.,.,.,.,.,.,-9,-9,-9,-9,-9,-9,-9,-9,-9,-9,-9,-9,-9,-9,-9,-9,-9,-9,-9,-9,-9,-9,-9,-9,-9,-9,-9,-9,-9,-9,.,.,.,.,.,.,.,.,.,.,.,.,.,.,.,.,.,.,.,.,.,.,.,.,.,.,.,.,.,.,.,.,.,.,.,.,.,.,.,.,.,.,.,.,.,.,.,.,.,.,?????????????????,????????,??????,????,???,????????,??????,?????,???,???,?????????????????,????????,??????,????,???,????????,??????,?????,???,???,?????????????????,????????,??????,????,???,????????,??????,?????,???,???,.,.,.,.,.,.,.,.,.,.,.,.,.,.,.,.,.,.,.,.,.,.,.,.,.,.,.,.,.,.,.,.,.,.,.,.,.,.,.,.,.,.,.,.,.,.,.,.,.,.
046,MW03,ìﬂîeéséÒó¢ìñë†émë∞,ìﬂîeìñë†ém,-9,-9,-9,,Ç≠Ç—,ku_bi,-9,-9,-9,-9,-9,-9,-9,.,.,.,.,.,.,.,.,.,.,-9,-9,-9,-9,-9,-9,-9,-9,-9,-9,-9,-9,-9,-9,-9,-9,-9,-9,-9,-9,-9,-9,-9,-9,-9,-9,-9,-9,-9,-9,.,.,.,.,.,.,.,.,.,.,.,.,.,.,.,.,.,.,.,.,.,.,.,.,.,.,.,.,.,.,.,.,.,.,.,.,.,.,.,.,.,.,.,.,.,.,.,.,.,.,?????????????????,????????,??????,????,???,????????,??????,?????,???,???,?????????????????,????????,??????,????,???,????????,??????,?????,???,???,?????????????????,????????,??????,????,???,????????,??????,?????,???,???,.,.,.,.,.,.,.,.,.,.,.,.,.,.,.,.,.,.,.,.,.,.,.,.,.,.,.,.,.,.,.,.,.,.,.,.,.,.,.,.,.,.,.,.,.,.,.,.,.,.
047,MW04,ìﬂîeéséÒó¢ìñë†,ìﬂîeìñë†ïΩ,-9,-9,-9,,Ç≠Ç—,ku_bi,-9,-9,-9,-9,-9,-9,-9,.,.,.,.,.,.,.,.,.,.,-9,-9,-9,-9,-9,-9,-9,-9,-9,-9,-9,-9,-9,-9,-9,-9,-9,-9,-9,-9,-9,-9,-9,-9,-9,-9,-9,-9,-9,-9,.,.,.,.,.,.,.,.,.,.,.,.,.,.,.,.,.,.,.,.,.,.,.,.,.,.,.,.,.,.,.,.,.,.,.,.,.,.,.,.,.,.,.,.,.,.,.,.,.,.,?????????????????,????????,??????,????,???,????????,??????,?????,???,???,?????????????????,????????,??????,????,???,????????,??????,?????,???,???,?????????????????,????????,??????,????,???,????????,??????,?????,???,???,.,.,.,.,.,.,.,.,.,.,.,.,.,.,.,.,.,.,.,.,.,.,.,.,.,.,.,.,.,.,.,.,.,.,.,.,.,.,.,.,.,.,.,.,.,.,.,.,.,.
048,MW12,ìﬂîeésêÚçËémë∞,ìﬂîeêÚçËém,-9,-9,-9,,Ç≠Ç—,kubi,-9,-9,-9,-9,-9,-9,-9,.,.,.,.,.,.,.,.,.,.,-9,-9,-9,-9,-9,-9,-9,-9,-9,-9,-9,-9,-9,-9,-9,-9,-9,-9,-9,-9,-9,-9,-9,-9,-9,-9,-9,-9,-9,-9,.,.,.,.,.,.,.,.,.,.,.,.,.,.,.,.,.,.,.,.,.,.,.,.,.,.,.,.,.,.,.,.,.,.,.,.,.,.,.,.,.,.,.,.,.,.,.,.,.,.,?????????????????,????????,??????,????,???,????????,??????,?????,???,???,?????????????????,????????,??????,????,???,????????,??????,?????,???,???,?????????????????,????????,??????,????,???,????????,??????,?????,???,???,.,.,.,.,.,.,.,.,.,.,.,.,.,.,.,.,.,.,.,.,.,.,.,.,.,.,.,.,.,.,.,.,.,.,.,.,.,.,.,.,.,.,.,.,.,.,.,.,.,.
049,MW13,ìﬂîeésêÚçË,ìﬂîeêÚçËïΩ,-9,-9,-9,,Ç≠Ç—,kubi,-9,-9,-9,-9,-9,-9,-9,.,.,.,.,.,.,.,.,.,.,-9,-9,-9,-9,-9,-9,-9,-9,-9,-9,-9,-9,-9,-9,-9,-9,-9,-9,-9,-9,-9,-9,-9,-9,-9,-9,-9,-9,-9,-9,.,.,.,.,.,.,.,.,.,.,.,.,.,.,.,.,.,.,.,.,.,.,.,.,.,.,.,.,.,.,.,.,.,.,.,.,.,.,.,.,.,.,.,.,.,.,.,.,.,.,?????????????????,????????,??????,????,???,????????,??????,?????,???,???,?????????????????,????????,??????,????,???,????????,??????,?????,???,???,?????????????????,????????,??????,????,???,????????,??????,?????,???,???,.,.,.,.,.,.,.,.,.,.,.,.,.,.,.,.,.,.,.,.,.,.,.,.,.,.,.,.,.,.,.,.,.,.,.,.,.,.,.,.,.,.,.,.,.,.,.,.,.,.
050,MW09,ìﬂîeésà¿ó¢,ìﬂîeà¿ó¢,-9,-9,-9,,Ç≠Ç—,ku_bi,-9,-9,-9,-9,-9,-9,-9,.,.,.,.,.,.,.,.,.,.,-9,-9,-9,-9,-9,-9,-9,-9,-9,-9,-9,-9,-9,-9,-9,-9,-9,-9,-9,-9,-9,-9,-9,-9,-9,-9,-9,-9,-9,-9,.,.,.,.,.,.,.,.,.,.,.,.,.,.,.,.,.,.,.,.,.,.,.,.,.,.,.,.,.,.,.,.,.,.,.,.,.,.,.,.,.,.,.,.,.,.,.,.,.,.,?????????????????,????????,??????,????,???,????????,??????,?????,???,???,?????????????????,????????,??????,????,???,????????,??????,?????,???,???,?????????????????,????????,??????,????,???,????????,??????,?????,???,???,.,.,.,.,.,.,.,.,.,.,.,.,.,.,.,.,.,.,.,.,.,.,.,.,.,.,.,.,.,.,.,.,.,.,.,.,.,.,.,.,.,.,.,.,.,.,.,.,.,.
051,HB04,ìÏïóå¥í¨åìèÈ,ìÏïóåìèÈ,-9,-9,-9,,Ç≠Ç—,_kubi,-9,-9,-9,-9,-9,-9,-9,.,.,.,.,.,.,.,.,.,.,-9,-9,-9,-9,-9,-9,-9,-9,-9,-9,-9,-9,-9,-9,-9,-9,-9,-9,-9,-9,-9,-9,-9,-9,-9,-9,-9,-9,-9,-9,.,.,.,.,.,.,.,.,.,.,.,.,.,.,.,.,.,.,.,.,.,.,.,.,.,.,.,.,.,.,.,.,.,.,.,.,.,.,.,.,.,.,.,.,.,.,.,.,.,.,?????????????????,????????,??????,????,???,????????,??????,?????,???,???,?????????????????,????????,??????,????,???,????????,??????,?????,???,???,?????????????????,????????,??????,????,???,????????,??????,?????,???,???,.,.,.,.,.,.,.,.,.,.,.,.,.,.,.,.,.,.,.,.,.,.,.,.,.,.,.,.,.,.,.,.,.,.,.,.,.,.,.,.,.,.,.,.,.,.,.,.,.,.
052,OZ02,ó^ìﬂå¥í¨ó^ìﬂå¥,ó^ìﬂó^ìﬂå¥,-9,-9,-9,,Ç≠Ç—,ku_bi,-9,-9,-9,-9,-9,-9,-9,.,.,.,.,.,.,.,.,.,.,-9,-9,-9,-9,-9,-9,-9,-9,-9,-9,-9,-9,-9,-9,-9,-9,-9,-9,-9,-9,-9,-9,-9,-9,-9,-9,-9,-9,-9,-9,.,.,.,.,.,.,.,.,.,.,.,.,.,.,.,.,.,.,.,.,.,.,.,.,.,.,.,.,.,.,.,.,.,.,.,.,.,.,.,.,.,.,.,.,.,.,.,.,.,.,?????????????????,????????,??????,????,???,????????,??????,?????,???,???,?????????????????,????????,??????,????,???,????????,??????,?????,???,???,?????????????????,????????,??????,????,???,????????,??????,?????,???,???,.,.,.,.,.,.,.,.,.,.,.,.,.,.,.,.,.,.,.,.,.,.,.,.,.,.,.,.,.,.,.,.,.,.,.,.,.,.,.,.,.,.,.,.,.,.,.,.,.,.
053,OZ05,ãåëÂó¢ë∫å√åò2,ìÏèÈå√åò2,-9,-9,-9,,Ç≠Ç—,kubi_,-9,-9,-9,-9,-9,-9,-9,.,.,.,.,.,.,.,.,.,.,-9,-9,-9,-9,-9,-9,-9,-9,-9,-9,-9,-9,-9,-9,-9,-9,-9,-9,-9,-9,-9,-9,-9,-9,-9,-9,-9,-9,-9,-9,.,.,.,.,.,.,.,.,.,.,.,.,.,.,.,.,.,.,.,.,.,.,.,.,.,.,.,.,.,.,.,.,.,.,.,.,.,.,.,.,.,.,.,.,.,.,.,.,.,.,?????????????????,????????,??????,????,???,????????,??????,?????,???,???,?????????????????,????????,??????,????,???,????????,??????,?????,???,???,?????????????????,????????,??????,????,???,????????,??????,?????,???,???,.,.,.,.,.,.,.,.,.,.,.,.,.,.,.,.,.,.,.,.,.,.,.,.,.,.,.,.,.,.,.,.,.,.,.,.,.,.,.,.,.,.,.,.,.,.,.,.,.,.
054,SS05,ãåç≤ï~í¨ç≤ï~,ìÏèÈç≤ï~,-9,-9,-9,,Ç≠Ç—,_kubi,-9,-9,-9,-9,-9,-9,-9,.,.,.,.,.,.,.,.,.,.,-9,-9,-9,-9,-9,-9,-9,-9,-9,-9,-9,-9,-9,-9,-9,-9,-9,-9,-9,-9,-9,-9,-9,-9,-9,-9,-9,-9,-9,-9,.,.,.,.,.,.,.,.,.,.,.,.,.,.,.,.,.,.,.,.,.,.,.,.,.,.,.,.,.,.,.,.,.,.,.,.,.,.,.,.,.,.,.,.,.,.,.,.,.,.,?????????????????,????????,??????,????,???,????????,??????,?????,???,???,?????????????????,????????,??????,????,???,????????,??????,?????,???,???,?????????????????,????????,??????,????,???,????????,??????,?????,???,???,.,.,.,.,.,.,.,.,.,.,.,.,.,.,.,.,.,.,.,.,.,.,.,.,.,.,.,.,.,.,.,.,.,.,.,.,.,.,.,.,.,.,.,.,.,.,.,.,.,.
055,CN05,ãåímîOë∫ímîO,ìÏèÈímîO,-9,-9,-9,,Ç≠Ç—,ku_bi,-9,-9,-9,-9,-9,-9,-9,.,.,.,.,.,.,.,.,.,.,-9,-9,-9,-9,-9,-9,-9,-9,-9,-9,-9,-9,-9,-9,-9,-9,-9,-9,-9,-9,-9,-9,-9,-9,-9,-9,-9,-9,-9,-9,.,.,.,.,.,.,.,.,.,.,.,.,.,.,.,.,.,.,.,.,.,.,.,.,.,.,.,.,.,.,.,.,.,.,.,.,.,.,.,.,.,.,.,.,.,.,.,.,.,.,?????????????????,????????,??????,????,???,????????,??????,?????,???,???,?????????????????,????????,??????,????,???,????????,??????,?????,???,???,?????????????????,????????,??????,????,???,????????,??????,?????,???,???,.,.,.,.,.,.,.,.,.,.,.,.,.,.,.,.,.,.,.,.,.,.,.,.,.,.,.,.,.,.,.,.,.,.,.,.,.,.,.,.,.,.,.,.,.,.,.,.,.,.
056,CN08,ãåímîOë∫ãvçÇ,ìÏèÈãvçÇ,-9,-9,-9,,Ç≠Ç—,ku_bi,-9,-9,-9,-9,-9,-9,-9,.,.,.,.,.,.,.,.,.,.,-9,-9,-9,-9,-9,-9,-9,-9,-9,-9,-9,-9,-9,-9,-9,-9,-9,-9,-9,-9,-9,-9,-9,-9,-9,-9,-9,-9,-9,-9,.,.,.,.,.,.,.,.,.,.,.,.,.,.,.,.,.,.,.,.,.,.,.,.,.,.,.,.,.,.,.,.,.,.,.,.,.,.,.,.,.,.,.,.,.,.,.,.,.,.,?????????????????,????????,??????,????,???,????????,??????,?????,???,???,?????????????????,????????,??????,????,???,????????,??????,?????,???,???,?????????????????,????????,??????,????,???,????????,??????,?????,???,???,.,.,.,.,.,.,.,.,.,.,.,.,.,.,.,.,.,.,.,.,.,.,.,.,.,.,.,.,.,.,.,.,.,.,.,.,.,.,.,.,.,.,.,.,.,.,.,.,.,.
057,TM03,ãåã èÈë∫ã èÈ,ìÏèÈã èÈ,-9,-9,-9,,Ç≠Ç—,ku_bi,-9,-9,-9,-9,-9,-9,-9,.,.,.,.,.,.,.,.,.,.,-9,-9,-9,-9,-9,-9,-9,-9,-9,-9,-9,-9,-9,-9,-9,-9,-9,-9,-9,-9,-9,-9,-9,-9,-9,-9,-9,-9,-9,-9,.,.,.,.,.,.,.,.,.,.,.,.,.,.,.,.,.,.,.,.,.,.,.,.,.,.,.,.,.,.,.,.,.,.,.,.,.,.,.,.,.,.,.,.,.,.,.,.,.,.,?????????????????,????????,??????,????,???,????????,??????,?????,???,???,?????????????????,????????,??????,????,???,????????,??????,?????,???,???,?????????????????,????????,??????,????,???,????????,??????,?????,???,???,.,.,.,.,.,.,.,.,.,.,.,.,.,.,.,.,.,.,.,.,.,.,.,.,.,.,.,.,.,.,.,.,.,.,.,.,.,.,.,.,.,.,.,.,.,.,.,.,.,.
058,TM07,ãåã èÈë∫éÖêî,ìÏèÈéÖêî,-9,-9,-9,,Ç≠Ç—,ku_bi,-9,-9,-9,-9,-9,-9,-9,.,.,.,.,.,.,.,.,.,.,-9,-9,-9,-9,-9,-9,-9,-9,-9,-9,-9,-9,-9,-9,-9,-9,-9,-9,-9,-9,-9,-9,-9,-9,-9,-9,-9,-9,-9,-9,.,.,.,.,.,.,.,.,.,.,.,.,.,.,.,.,.,.,.,.,.,.,.,.,.,.,.,.,.,.,.,.,.,.,.,.,.,.,.,.,.,.,.,.,.,.,.,.,.,.,?????????????????,????????,??????,????,???,????????,??????,?????,???,???,?????????????????,????????,??????,????,???,????????,??????,?????,???,???,?????????????????,????????,??????,????,???,????????,??????,?????,???,???,.,.,.,.,.,.,.,.,.,.,.,.,.,.,.,.,.,.,.,.,.,.,.,.,.,.,.,.,.,.,.,.,.,.,.,.,.,.,.,.,.,.,.,.,.,.,.,.,.,.
059,GC02,ãåãÔéuì™ë∫ãÔéuì™,î™èdãÔéuì™,-9,-9,-9,,Ç≠Ç—,ku_bi,-9,-9,-9,-9,-9,-9,-9,.,.,.,.,.,.,.,.,.,.,-9,-9,-9,-9,-9,-9,-9,-9,-9,-9,-9,-9,-9,-9,-9,-9,-9,-9,-9,-9,-9,-9,-9,-9,-9,-9,-9,-9,-9,-9,.,.,.,.,.,.,.,.,.,.,.,.,.,.,.,.,.,.,.,.,.,.,.,.,.,.,.,.,.,.,.,.,.,.,.,.,.,.,.,.,.,.,.,.,.,.,.,.,.,.,?????????????????,????????,??????,????,???,????????,??????,?????,???,???,?????????????????,????????,??????,????,???,????????,??????,?????,???,???,?????????????????,????????,??????,????,???,????????,??????,?????,???,???,.,.,.,.,.,.,.,.,.,.,.,.,.,.,.,.,.,.,.,.,.,.,.,.,.,.,.,.,.,.,.,.,.,.,.,.,.,.,.,.,.,.,.,.,.,.,.,.,.,.
060,KD02,ãåìåïóïΩí¨óFäÒ,î™èdóFäÒ,-9,-9,-9,,Ç≠Ç—,ku_bi,-9,-9,-9,-9,-9,-9,-9,.,.,.,.,.,.,.,.,.,.,-9,-9,-9,-9,-9,-9,-9,-9,-9,-9,-9,-9,-9,-9,-9,-9,-9,-9,-9,-9,-9,-9,-9,-9,-9,-9,-9,-9,-9,-9,.,.,.,.,.,.,.,.,.,.,.,.,.,.,.,.,.,.,.,.,.,.,.,.,.,.,.,.,.,.,.,.,.,.,.,.,.,.,.,.,.,.,.,.,.,.,.,.,.,.,?????????????????,????????,??????,????,???,????????,??????,?????,???,???,?????????????????,????????,??????,????,???,????????,??????,?????,???,???,?????????????????,????????,??????,????,???,????????,??????,?????,???,???,.,.,.,.,.,.,.,.,.,.,.,.,.,.,.,.,.,.,.,.,.,.,.,.,.,.,.,.,.,.,.,.,.,.,.,.,.,.,.,.,.,.,.,.,.,.,.,.,.,.
061,MN03,éÖñûésïƒê{,éÖñûïƒê{,-9,-9,-9,,Ç≠Ç—,ku__bi,-9,-9,-9,-9,-9,-9,-9,.,.,.,.,.,.,.,.,.,.,-9,-9,-9,-9,-9,-9,-9,-9,-9,-9,-9,-9,-9,-9,-9,-9,-9,-9,-9,-9,-9,-9,-9,-9,-9,-9,-9,-9,-9,-9,.,.,.,.,.,.,.,.,.,.,.,.,.,.,.,.,.,.,.,.,.,.,.,.,.,.,.,.,.,.,.,.,.,.,.,.,.,.,.,.,.,.,.,.,.,.,.,.,.,.,?????????????????,????????,??????,????,???,????????,??????,?????,???,???,?????????????????,????????,??????,????,???,????????,??????,?????,???,???,?????????????????,????????,??????,????,???,????????,??????,?????,???,???,.,.,.,.,.,.,.,.,.,.,.,.,.,.,.,.,.,.,.,.,.,.,.,.,.,.,.,.,.,.,.,.,.,.,.,.,.,.,.,.,.,.,.,.,.,.,.,.,.,.
062,KY02,éÖñûésäÏâÆïê,éÖñûäÏâÆïê,-9,-9,-9,,Ç≠Ç—,kubi,-9,-9,-9,-9,-9,-9,-9,.,.,.,.,.,.,.,.,.,.,-9,-9,-9,-9,-9,-9,-9,-9,-9,-9,-9,-9,-9,-9,-9,-9,-9,-9,-9,-9,-9,-9,-9,-9,-9,-9,-9,-9,-9,-9,.,.,.,.,.,.,.,.,.,.,.,.,.,.,.,.,.,.,.,.,.,.,.,.,.,.,.,.,.,.,.,.,.,.,.,.,.,.,.,.,.,.,.,.,.,.,.,.,.,.,?????????????????,????????,??????,????,???,????????,??????,?????,???,???,?????????????????,????????,??????,????,???,????????,??????,?????,???,???,?????????????????,????????,??????,????,???,????????,??????,?????,???,???,.,.,.,.,.,.,.,.,.,.,.,.,.,.,.,.,.,.,.,.,.,.,.,.,.,.,.,.,.,.,.,.,.,.,.,.,.,.,.,.,.,.,.,.,.,.,.,.,.,.
063,MK07,éÖñûésê^ï«,éÖñûê^ï«,-9,-9,-9,,Ç≠Ç—,ku_bi,-9,-9,-9,-9,-9,-9,-9,.,.,.,.,.,.,.,.,.,.,-9,-9,-9,-9,-9,-9,-9,-9,-9,-9,-9,-9,-9,-9,-9,-9,-9,-9,-9,-9,-9,-9,-9,-9,-9,-9,-9,-9,-9,-9,.,.,.,.,.,.,.,.,.,.,.,.,.,.,.,.,.,.,.,.,.,.,.,.,.,.,.,.,.,.,.,.,.,.,.,.,.,.,.,.,.,.,.,.,.,.,.,.,.,.,?????????????????,????????,??????,????,???,????????,??????,?????,???,???,?????????????????,????????,??????,????,???,????????,??????,?????,???,???,?????????????????,????????,??????,????,???,????????,??????,?????,???,???,.,.,.,.,.,.,.,.,.,.,.,.,.,.,.,.,.,.,.,.,.,.,.,.,.,.,.,.,.,.,.,.,.,.,.,.,.,.,.,.,.,.,.,.,.,.,.,.,.,.
064,TK04,éÖñûésçëãg,éÖñûçëãg,-9,-9,-9,,Ç≠Ç—,ku__bi,-9,-9,-9,-9,-9,-9,-9,.,.,.,.,.,.,.,.,.,.,-9,-9,-9,-9,-9,-9,-9,-9,-9,-9,-9,-9,-9,-9,-9,-9,-9,-9,-9,-9,-9,-9,-9,-9,-9,-9,-9,-9,-9,-9,.,.,.,.,.,.,.,.,.,.,.,.,.,.,.,.,.,.,.,.,.,.,.,.,.,.,.,.,.,.,.,.,.,.,.,.,.,.,.,.,.,.,.,.,.,.,.,.,.,.,?????????????????,????????,??????,????,???,????????,??????,?????,???,???,?????????????????,????????,??????,????,???,????????,??????,?????,???,???,?????????????????,????????,??????,????,???,????????,??????,?????,???,???,.,.,.,.,.,.,.,.,.,.,.,.,.,.,.,.,.,.,.,.,.,.,.,.,.,.,.,.,.,.,.,.,.,.,.,.,.,.,.,.,.,.,.,.,.,.,.,.,.,.
065,KN07,éÖñûésåìèÈ,éÖñûåìèÈ,-9,-9,-9,,Ç≠Ç—,ku_bi,-9,-9,-9,-9,-9,-9,-9,.,.,.,.,.,.,.,.,.,.,-9,-9,-9,-9,-9,-9,-9,-9,-9,-9,-9,-9,-9,-9,-9,-9,-9,-9,-9,-9,-9,-9,-9,-9,-9,-9,-9,-9,-9,-9,.,.,.,.,.,.,.,.,.,.,.,.,.,.,.,.,.,.,.,.,.,.,.,.,.,.,.,.,.,.,.,.,.,.,.,.,.,.,.,.,.,.,.,.,.,.,.,.,.,.,?????????????????,????????,??????,????,???,????????,??????,?????,???,???,?????????????????,????????,??????,????,???,????????,??????,?????,???,???,?????????????????,????????,??????,????,???,????????,??????,?????,???,???,.,.,.,.,.,.,.,.,.,.,.,.,.,.,.,.,.,.,.,.,.,.,.,.,.,.,.,.,.,.,.,.,.,.,.,.,.,.,.,.,.,.,.,.,.,.,.,.,.,.
066,TG17,ñLå©èÈë∫ï€âhñŒ,ñLå©ï€âhñŒ,-9,-9,-9,,Ç≠Ç—,ku_bi,-9,-9,-9,-9,-9,-9,-9,.,.,.,.,.,.,.,.,.,.,-9,-9,-9,-9,-9,-9,-9,-9,-9,-9,-9,-9,-9,-9,-9,-9,-9,-9,-9,-9,-9,-9,-9,-9,-9,-9,-9,-9,-9,-9,.,.,.,.,.,.,.,.,.,.,.,.,.,.,.,.,.,.,.,.,.,.,.,.,.,.,.,.,.,.,.,.,.,.,.,.,.,.,.,.,.,.,.,.,.,.,.,.,.,.,?????????????????,????????,??????,????,???,????????,??????,?????,???,???,?????????????????,????????,??????,????,???,????????,??????,?????,???,???,?????????????????,????????,??????,????,???,????????,??????,?????,???,???,.,.,.,.,.,.,.,.,.,.,.,.,.,.,.,.,.,.,.,.,.,.,.,.,.,.,.,.,.,.,.,.,.,.,.,.,.,.,.,.,.,.,.,.,.,.,.,.,.,.
067,OR02,ìﬂîeésè¨ò\à¿éüó‰,ìﬂîeà¿éüó‰,-9,-9,-9,,Ç≠Ç—,ku_bi,-9,-9,-9,-9,-9,-9,-9,.,.,.,.,.,.,.,.,.,.,-9,-9,-9,-9,-9,-9,-9,-9,-9,-9,-9,-9,-9,-9,-9,-9,-9,-9,-9,-9,-9,-9,-9,-9,-9,-9,-9,-9,-9,-9,.,.,.,.,.,.,.,.,.,.,.,.,.,.,.,.,.,.,.,.,.,.,.,.,.,.,.,.,.,.,.,.,.,.,.,.,.,.,.,.,.,.,.,.,.,.,.,.,.,.,?????????????????,????????,??????,????,???,????????,??????,?????,???,???,?????????????????,????????,??????,????,???,????????,??????,?????,???,???,?????????????????,????????,??????,????,???,????????,??????,?????,???,???,.,.,.,.,.,.,.,.,.,.,.,.,.,.,.,.,.,.,.,.,.,.,.,.,.,.,.,.,.,.,.,.,.,.,.,.,.,.,.,.,.,.,.,.,.,.,.,.,.,.
068,TO02,ìnâ√ï~ë∫à¢îgòA,ìnâ√à¢îgòA,-9,-9,-9,,Ç≠Ç—,ku_bi,-9,-9,-9,-9,-9,-9,-9,.,.,.,.,.,.,.,.,.,.,-9,-9,-9,-9,-9,-9,-9,-9,-9,-9,-9,-9,-9,-9,-9,-9,-9,-9,-9,-9,-9,-9,-9,-9,-9,-9,-9,-9,-9,-9,.,.,.,.,.,.,.,.,.,.,.,.,.,.,.,.,.,.,.,.,.,.,.,.,.,.,.,.,.,.,.,.,.,.,.,.,.,.,.,.,.,.,.,.,.,.,.,.,.,.,?????????????????,????????,??????,????,???,????????,??????,?????,???,???,?????????????????,????????,??????,????,???,????????,??????,?????,???,???,?????????????????,????????,??????,????,???,????????,??????,?????,???,???,.,.,.,.,.,.,.,.,.,.,.,.,.,.,.,.,.,.,.,.,.,.,.,.,.,.,.,.,.,.,.,.,.,.,.,.,.,.,.,.,.,.,.,.,.,.,.,.,.,.
069,ZM04,ç¿ä‘ñ°ë∫à¢â√,ç¿ä‘à¢â√,-9,-9,-9,,Ç≠Ç—,_kubi,-9,-9,-9,-9,-9,-9,-9,.,.,.,.,.,.,.,.,.,.,-9,-9,-9,-9,-9,-9,-9,-9,-9,-9,-9,-9,-9,-9,-9,-9,-9,-9,-9,-9,-9,-9,-9,-9,-9,-9,-9,-9,-9,-9,.,.,.,.,.,.,.,.,.,.,.,.,.,.,.,.,.,.,.,.,.,.,.,.,.,.,.,.,.,.,.,.,.,.,.,.,.,.,.,.,.,.,.,.,.,.,.,.,.,.,?????????????????,????????,??????,????,???,????????,??????,?????,???,???,?????????????????,????????,??????,????,???,????????,??????,?????,???,???,?????????????????,????????,??????,????,???,????????,??????,?????,???,???,.,.,.,.,.,.,.,.,.,.,.,.,.,.,.,.,.,.,.,.,.,.,.,.,.,.,.,.,.,.,.,.,.,.,.,.,.,.,.,.,.,.,.,.,.,.,.,.,.,.
070,AG01,àæçëë∫àæçëïl,àæçëïl,-9,-9,-9,,Ç≠Ç—,_kubi,-9,-9,-9,-9,-9,-9,-9,.,.,.,.,.,.,.,.,.,.,-9,-9,-9,-9,-9,-9,-9,-9,-9,-9,-9,-9,-9,-9,-9,-9,-9,-9,-9,-9,-9,-9,-9,-9,-9,-9,-9,-9,-9,-9,.,.,.,.,.,.,.,.,.,.,.,.,.,.,.,.,.,.,.,.,.,.,.,.,.,.,.,.,.,.,.,.,.,.,.,.,.,.,.,.,.,.,.,.,.,.,.,.,.,.,?????????????????,????????,??????,????,???,????????,??????,?????,???,???,?????????????????,????????,??????,????,???,????????,??????,?????,???,???,?????????????????,????????,??????,????,???,????????,??????,?????,???,???,.,.,.,.,.,.,.,.,.,.,.,.,.,.,.,.,.,.,.,.,.,.,.,.,.,.,.,.,.,.,.,.,.,.,.,.,.,.,.,.,.,.,.,.,.,.,.,.,.,.
071,TN01,ìnñºäÏë∫ìnñºäÏêº,ìnñºäÏêº,-9,-9,-9,,Ç≠Ç—,ku__bi,-9,-9,-9,-9,-9,-9,-9,.,.,.,.,.,.,.,.,.,.,-9,-9,-9,-9,-9,-9,-9,-9,-9,-9,-9,-9,-9,-9,-9,-9,-9,-9,-9,-9,-9,-9,-9,-9,-9,-9,-9,-9,-9,-9,.,.,.,.,.,.,.,.,.,.,.,.,.,.,.,.,.,.,.,.,.,.,.,.,.,.,.,.,.,.,.,.,.,.,.,.,.,.,.,.,.,.,.,.,.,.,.,.,.,.,?????????????????,????????,??????,????,???,????????,??????,?????,???,???,?????????????????,????????,??????,????,???,????????,??????,?????,???,???,?????????????????,????????,??????,????,???,????????,??????,?????,???,???,.,.,.,.,.,.,.,.,.,.,.,.,.,.,.,.,.,.,.,.,.,.,.,.,.,.,.,.,.,.,.,.,.,.,.,.,.,.,.,.,.,.,.,.,.,.,.,.,.,.
072,NA04,ãåíáó¢ë∫ê^é”,ãvïƒê^é”,-9,-9,-9,,Ç≠Ç—,_kubi,-9,-9,-9,-9,-9,-9,-9,.,.,.,.,.,.,.,.,.,.,-9,-9,-9,-9,-9,-9,-9,-9,-9,-9,-9,-9,-9,-9,-9,-9,-9,-9,-9,-9,-9,-9,-9,-9,-9,-9,-9,-9,-9,-9,.,.,.,.,.,.,.,.,.,.,.,.,.,.,.,.,.,.,.,.,.,.,.,.,.,.,.,.,.,.,.,.,.,.,.,.,.,.,.,.,.,.,.,.,.,.,.,.,.,.,?????????????????,????????,??????,????,???,????????,??????,?????,???,???,?????????????????,????????,??????,????,???,????????,??????,?????,???,???,?????????????????,????????,??????,????,???,????????,??????,?????,???,???,.,.,.,.,.,.,.,.,.,.,.,.,.,.,.,.,.,.,.,.,.,.,.,.,.,.,.,.,.,.,.,.,.,.,.,.,.,.,.,.,.,.,.,.,.,.,.,.,.,.
073,KG03,ãåãÔéuêÏë∫åìèÈ,ãvïƒåìèÈ,-9,-9,-9,,Ç≠Ç—,_kubi,-9,-9,-9,-9,-9,-9,-9,.,.,.,.,.,.,.,.,.,.,-9,-9,-9,-9,-9,-9,-9,-9,-9,-9,-9,-9,-9,-9,-9,-9,-9,-9,-9,-9,-9,-9,-9,-9,-9,-9,-9,-9,-9,-9,.,.,.,.,.,.,.,.,.,.,.,.,.,.,.,.,.,.,.,.,.,.,.,.,.,.,.,.,.,.,.,.,.,.,.,.,.,.,.,.,.,.,.,.,.,.,.,.,.,.,?????????????????,????????,??????,????,???,????????,??????,?????,???,???,?????????????????,????????,??????,????,???,????????,??????,?????,???,???,?????????????????,????????,??????,????,???,????????,??????,?????,???,???,.,.,.,.,.,.,.,.,.,.,.,.,.,.,.,.,.,.,.,.,.,.,.,.,.,.,.,.,.,.,.,.,.,.,.,.,.,.,.,.,.,.,.,.,.,.,.,.,.,.
074,HR03,ã{å√ìáésírä‘,ã{å√írä‘,4,2,3,,Ç Ç‘Ç¢,nudu/nubui,nubui,n,u,b,u,-1,i,.,.,.,.,.,.,.,.,.,.,4,4,0,0,0,1,1,3,2,0,1,1,0,0,0,1,1,3,2,0,-1,-1,-1,-1,-1,1,1,1,1,0,.,.,.,.,.,.,.,.,.,.,.,.,.,.,.,.,.,.,.,.,.,.,.,.,.,.,.,.,.,.,.,.,.,.,.,.,.,.,.,.,.,.,.,.,.,.,.,.,.,.,10000000000001000,10001000,100001,1001,101,10000001,100001,10100,110,101,10000000000000001,10000001,100001,1001,101,10000001,100001,10100,110,101,00000000000000000,00000000,000000,0000,000,10000001,100001,10001,101,101,.,.,.,.,.,.,.,.,.,.,.,.,.,.,.,.,.,.,.,.,.,.,.,.,.,.,.,.,.,.,.,.,.,.,.,.,.,.,.,.,.,.,.,.,.,.,.,.,.,.
075,HR05,ã{å√ìáésëÂê_,ã{å√ëÂê_,4,2,3,,Ç Ç‘Ç¢,n_p_i-n_pui,n_p_i-n_pui,n,u,p,u,-1,i,.,.,.,.,.,.,.,.,.,.,4,4,0,0,0,1,1,3,2,0,1,1,0,0,1,1,1,3,2,0,-1,-1,-1,-1,-1,1,1,1,1,0,.,.,.,.,.,.,.,.,.,.,.,.,.,.,.,.,.,.,.,.,.,.,.,.,.,.,.,.,.,.,.,.,.,.,.,.,.,.,.,.,.,.,.,.,.,.,.,.,.,.,10000000000001000,10001000,100001,1001,101,10000001,100001,10100,110,101,10000000000000001,10000001,100001,1001,110,10000001,100001,10100,110,101,00000000000000000,00000000,000000,0000,000,10000001,100001,10001,101,101,.,.,.,.,.,.,.,.,.,.,.,.,.,.,.,.,.,.,.,.,.,.,.,.,.,.,.,.,.,.,.,.,.,.,.,.,.,.,.,.,.,.,.,.,.,.,.,.,.,.
076,HR06,ã{å√ìáésïΩó«éÎñì,ã{å√éÎñì,4,2,3,,Ç Ç‘Ç¢,nubai,nubai,n,u,b,a,-1,i,.,.,.,.,.,.,.,.,.,.,4,4,0,0,0,1,1,3,2,0,1,1,0,0,0,1,4,3,1,0,-1,-1,-1,-1,-1,1,1,1,1,0,.,.,.,.,.,.,.,.,.,.,.,.,.,.,.,.,.,.,.,.,.,.,.,.,.,.,.,.,.,.,.,.,.,.,.,.,.,.,.,.,.,.,.,.,.,.,.,.,.,.,10000000000001000,10001000,100001,1001,101,10000001,100001,10100,110,101,10000000000000001,10000001,100001,1001,101,10000001,101000,10100,101,101,00000000000000000,00000000,000000,0000,000,10000001,100001,10001,101,101,.,.,.,.,.,.,.,.,.,.,.,.,.,.,.,.,.,.,.,.,.,.,.,.,.,.,.,.,.,.,.,.,.,.,.,.,.,.,.,.,.,.,.,.,.,.,.,.,.,.
077,HR12,ã{å√ìáésïΩó«ìåíáè@ç™,ã{å√ìåíáè@,4,2,3,,Ç Ç‘Ç¢,nubui/fu__u,nubui,n,u,b,u,-1,i,.,.,.,.,.,.,.,.,.,.,4,4,0,0,0,1,1,3,2,0,1,1,0,0,0,1,1,3,2,0,-1,-1,-1,-1,-1,1,1,1,1,0,.,.,.,.,.,.,.,.,.,.,.,.,.,.,.,.,.,.,.,.,.,.,.,.,.,.,.,.,.,.,.,.,.,.,.,.,.,.,.,.,.,.,.,.,.,.,.,.,.,.,10000000000001000,10001000,100001,1001,101,10000001,100001,10100,110,101,10000000000000001,10000001,100001,1001,101,10000001,100001,10100,110,101,00000000000000000,00000000,000000,0000,000,10000001,100001,10001,101,101,.,.,.,.,.,.,.,.,.,.,.,.,.,.,.,.,.,.,.,.,.,.,.,.,.,.,.,.,.,.,.,.,.,.,.,.,.,.,.,.,.,.,.,.,.,.,.,.,.,.
078,SZ04,ã{å√ìáésâ∫ínó^ìﬂîe,ã{å√ó^ìﬂîe,4,2,3,,Ç Ç‘Ç¢,nubui,nubui,n,u,b,u,-1,i,.,.,.,.,.,.,.,.,.,.,4,4,0,0,0,1,1,3,2,0,1,1,0,0,0,1,1,3,2,0,-1,-1,-1,-1,-1,1,1,1,1,0,.,.,.,.,.,.,.,.,.,.,.,.,.,.,.,.,.,.,.,.,.,.,.,.,.,.,.,.,.,.,.,.,.,.,.,.,.,.,.,.,.,.,.,.,.,.,.,.,.,.,10000000000001000,10001000,100001,1001,101,10000001,100001,10100,110,101,10000000000000001,10000001,100001,1001,101,10000001,100001,10100,110,101,00000000000000000,00000000,000000,0000,000,10000001,100001,10001,101,101,.,.,.,.,.,.,.,.,.,.,.,.,.,.,.,.,.,.,.,.,.,.,.,.,.,.,.,.,.,.,.,.,.,.,.,.,.,.,.,.,.,.,.,.,.,.,.,.,.,.
079,SG16,ã{å√ìáésè„ñÏã{çë,ã{å√ã{çë,4,2,3,,Ç Ç‘Ç¢,nubu_i,nubu_i,n,u,b,u,-1,i,.,.,.,.,.,.,.,.,.,.,4,4,0,0,0,1,1,3,2,0,1,1,0,0,0,1,1,3,2,0,-1,-1,-1,-1,-1,1,1,1,1,0,.,.,.,.,.,.,.,.,.,.,.,.,.,.,.,.,.,.,.,.,.,.,.,.,.,.,.,.,.,.,.,.,.,.,.,.,.,.,.,.,.,.,.,.,.,.,.,.,.,.,10000000000001000,10001000,100001,1001,101,10000001,100001,10100,110,101,10000000000000001,10000001,100001,1001,101,10000001,100001,10100,110,101,00000000000000000,00000000,000000,0000,000,10000001,100001,10001,101,101,.,.,.,.,.,.,.,.,.,.,.,.,.,.,.,.,.,.,.,.,.,.,.,.,.,.,.,.,.,.,.,.,.,.,.,.,.,.,.,.,.,.,.,.,.,.,.,.,.,.
080,SG04,ã{å√ìáésà…ó«ïîà…ó«ïî,ã{å√à…ó«ïî,3,2,2,,Ç Ç‘Ç¢,n__du,n__du,n,u,d,u,-1,-1,.,.,.,.,.,.,.,.,.,.,4,4,0,0,0,1,1,3,2,0,4,1,0,0,0,1,1,3,2,0,-1,-1,-1,-1,-1,-1,-1,-1,-1,-1,.,.,.,.,.,.,.,.,.,.,.,.,.,.,.,.,.,.,.,.,.,.,.,.,.,.,.,.,.,.,.,.,.,.,.,.,.,.,.,.,.,.,.,.,.,.,.,.,.,.,10000000000001000,10001000,100001,1001,101,10000001,100001,10100,110,101,10000000000001000,10000001,100001,1001,101,10000001,100001,10100,110,101,00000000000000000,00000000,000000,0000,000,00000000,000000,00000,000,000,.,.,.,.,.,.,.,.,.,.,.,.,.,.,.,.,.,.,.,.,.,.,.,.,.,.,.,.,.,.,.,.,.,.,.,.,.,.,.,.,.,.,.,.,.,.,.,.,.,.
081,TR03,ëΩó«ä‘ë∫íáãÿ,ëΩó«ä‘íáãÿ,4,2,3,,Ç Ç‘Ç¢,nibui/nibui,nibui,n,i,b,u,-1,i,.,.,.,.,.,.,.,.,.,.,4,4,0,0,0,1,1,1,1,0,1,1,0,0,0,1,1,3,2,0,-1,-1,-1,-1,-1,1,1,1,1,0,.,.,.,.,.,.,.,.,.,.,.,.,.,.,.,.,.,.,.,.,.,.,.,.,.,.,.,.,.,.,.,.,.,.,.,.,.,.,.,.,.,.,.,.,.,.,.,.,.,.,10000000000001000,10001000,100001,1001,101,10000001,100001,10001,101,101,10000000000000001,10000001,100001,1001,101,10000001,100001,10100,110,101,00000000000000000,00000000,000000,0000,000,10000001,100001,10001,101,101,.,.,.,.,.,.,.,.,.,.,.,.,.,.,.,.,.,.,.,.,.,.,.,.,.,.,.,.,.,.,.,.,.,.,.,.,.,.,.,.,.,.,.,.,.,.,.,.,.,.
082,OH05,êŒä_ésìoñÏèÈ,êŒä_ìoñÏèÈ,3,2,2,,Ç Ç‘Ç¢,nubi,nubi,n,u,b,-1,-1,i,.,.,.,.,.,.,.,.,.,.,4,4,0,0,0,1,1,3,2,0,1,1,0,0,0,-1,-1,-1,-1,-1,-1,-1,-1,-1,-1,1,1,1,1,0,.,.,.,.,.,.,.,.,.,.,.,.,.,.,.,.,.,.,.,.,.,.,.,.,.,.,.,.,.,.,.,.,.,.,.,.,.,.,.,.,.,.,.,.,.,.,.,.,.,.,10000000000001000,10001000,100001,1001,101,10000001,100001,10100,110,101,10000000000000001,10000001,100001,1001,101,00000000,000000,00000,000,000,00000000000000000,00000000,000000,0000,000,10000001,100001,10001,101,101,.,.,.,.,.,.,.,.,.,.,.,.,.,.,.,.,.,.,.,.,.,.,.,.,.,.,.,.,.,.,.,.,.,.,.,.,.,.,.,.,.,.,.,.,.,.,.,.,.,.
083,OH02,êŒä_ésëÂïl,êŒä_ëÂïl,3,2,2,,Ç Ç‘Ç¢,_nub_,_nub_,n,u,b,-1,-1,y,.,.,.,.,.,.,.,.,.,.,4,4,0,0,0,1,1,3,2,0,1,1,0,0,0,-1,-1,-1,-1,-1,-1,-1,-1,-1,-1,1,1,4,1,0,.,.,.,.,.,.,.,.,.,.,.,.,.,.,.,.,.,.,.,.,.,.,.,.,.,.,.,.,.,.,.,.,.,.,.,.,.,.,.,.,.,.,.,.,.,.,.,.,.,.,10000000000001000,10001000,100001,1001,101,10000001,100001,10100,110,101,10000000000000001,10000001,100001,1001,101,00000000,000000,00000,000,000,00000000000000000,00000000,000000,0000,000,10000001,100001,11000,101,101,.,.,.,.,.,.,.,.,.,.,.,.,.,.,.,.,.,.,.,.,.,.,.,.,.,.,.,.,.,.,.,.,.,.,.,.,.,.,.,.,.,.,.,.,.,.,.,.,.,.
084,MR06,êŒä_ésã{ó«,êŒä_ã{ó«,3,2,2,,Ç Ç‘Ç¢,_nubi,_nubi,n,u,b,-1,-1,i,.,.,.,.,.,.,.,.,.,.,4,4,0,0,0,1,1,3,2,0,1,1,0,0,0,-1,-1,-1,-1,-1,-1,-1,-1,-1,-1,1,1,1,1,0,.,.,.,.,.,.,.,.,.,.,.,.,.,.,.,.,.,.,.,.,.,.,.,.,.,.,.,.,.,.,.,.,.,.,.,.,.,.,.,.,.,.,.,.,.,.,.,.,.,.,10000000000001000,10001000,100001,1001,101,10000001,100001,10100,110,101,10000000000000001,10000001,100001,1001,101,00000000,000000,00000,000,000,00000000000000000,00000000,000000,0000,000,10000001,100001,10001,101,101,.,.,.,.,.,.,.,.,.,.,.,.,.,.,.,.,.,.,.,.,.,.,.,.,.,.,.,.,.,.,.,.,.,.,.,.,.,.,.,.,.,.,.,.,.,.,.,.,.,.
085,MR02,êŒä_ésïΩãvï€,êŒä_ïΩãvï€,3,2,2,,Ç Ç‘Ç¢,nu_bi,nu_bi,n,u,b,-1,-1,i,.,.,.,.,.,.,.,.,.,.,4,4,0,0,0,1,1,3,2,0,1,1,0,0,0,-1,-1,-1,-1,-1,-1,-1,-1,-1,-1,1,1,1,1,0,.,.,.,.,.,.,.,.,.,.,.,.,.,.,.,.,.,.,.,.,.,.,.,.,.,.,.,.,.,.,.,.,.,.,.,.,.,.,.,.,.,.,.,.,.,.,.,.,.,.,10000000000001000,10001000,100001,1001,101,10000001,100001,10100,110,101,10000000000000001,10000001,100001,1001,101,00000000,000000,00000,000,000,00000000000000000,00000000,000000,0000,000,10000001,100001,10001,101,101,.,.,.,.,.,.,.,.,.,.,.,.,.,.,.,.,.,.,.,.,.,.,.,.,.,.,.,.,.,.,.,.,.,.,.,.,.,.,.,.,.,.,.,.,.,.,.,.,.,.
086,IG15,êŒä_ésïxñÏ,êŒä_ïxñÏ,4,2,3,,Ç Ç‘Ç¢,nubu_i/_nubui,nubu_i,n,u,b,u,-1,i,.,.,.,.,.,.,.,.,.,.,4,4,0,0,0,1,1,3,2,0,1,1,0,0,0,1,1,3,2,0,-1,-1,-1,-1,-1,1,1,1,1,0,.,.,.,.,.,.,.,.,.,.,.,.,.,.,.,.,.,.,.,.,.,.,.,.,.,.,.,.,.,.,.,.,.,.,.,.,.,.,.,.,.,.,.,.,.,.,.,.,.,.,10000000000001000,10001000,100001,1001,101,10000001,100001,10100,110,101,10000000000000001,10000001,100001,1001,101,10000001,100001,10100,110,101,00000000000000000,00000000,000000,0000,000,10000001,100001,10001,101,101,.,.,.,.,.,.,.,.,.,.,.,.,.,.,.,.,.,.,.,.,.,.,.,.,.,.,.,.,.,.,.,.,.,.,.,.,.,.,.,.,.,.,.,.,.,.,.,.,.,.
087,IG08,í|ïxí¨í|ïx,í|ïxí|ïx,4,2,3,,Ç Ç‘Ç¢,nubui,nubui,n,u,b,u,-1,i,.,.,.,.,.,.,.,.,.,.,4,4,0,0,0,1,1,3,2,0,1,1,0,0,0,1,1,3,2,0,-1,-1,-1,-1,-1,1,1,1,1,0,.,.,.,.,.,.,.,.,.,.,.,.,.,.,.,.,.,.,.,.,.,.,.,.,.,.,.,.,.,.,.,.,.,.,.,.,.,.,.,.,.,.,.,.,.,.,.,.,.,.,10000000000001000,10001000,100001,1001,101,10000001,100001,10100,110,101,10000000000000001,10000001,100001,1001,101,10000001,100001,10100,110,101,00000000000000000,00000000,000000,0000,000,10000001,100001,10001,101,101,.,.,.,.,.,.,.,.,.,.,.,.,.,.,.,.,.,.,.,.,.,.,.,.,.,.,.,.,.,.,.,.,.,.,.,.,.,.,.,.,.,.,.,.,.,.,.,.,.,.
088,IG10,í|ïxí¨çïìá,í|ïxçïìá,3,2,2,,Ç Ç‘Ç¢,nu__bi/nubi,nu__bi,n,u,b,-1,-1,i,.,.,.,.,.,.,.,.,.,.,4,4,0,0,0,1,1,3,2,0,1,1,0,0,0,-1,-1,-1,-1,-1,-1,-1,-1,-1,-1,1,1,1,1,0,.,.,.,.,.,.,.,.,.,.,.,.,.,.,.,.,.,.,.,.,.,.,.,.,.,.,.,.,.,.,.,.,.,.,.,.,.,.,.,.,.,.,.,.,.,.,.,.,.,.,10000000000001000,10001000,100001,1001,101,10000001,100001,10100,110,101,10000000000000001,10000001,100001,1001,101,00000000,000000,00000,000,000,00000000000000000,00000000,000000,0000,000,10000001,100001,10001,101,101,.,.,.,.,.,.,.,.,.,.,.,.,.,.,.,.,.,.,.,.,.,.,.,.,.,.,.,.,.,.,.,.,.,.,.,.,.,.,.,.,.,.,.,.,.,.,.,.,.,.
089,IG09,í|ïxí¨è¨ïl,í|ïxè¨ïl,4,2,3,,Ç Ç‘Ç¢,_nubui,_nubui,n,u,b,u,-1,i,.,.,.,.,.,.,.,.,.,.,4,4,0,0,0,1,1,3,2,0,1,1,0,0,0,1,1,3,2,0,-1,-1,-1,-1,-1,1,1,1,1,0,.,.,.,.,.,.,.,.,.,.,.,.,.,.,.,.,.,.,.,.,.,.,.,.,.,.,.,.,.,.,.,.,.,.,.,.,.,.,.,.,.,.,.,.,.,.,.,.,.,.,10000000000001000,10001000,100001,1001,101,10000001,100001,10100,110,101,10000000000000001,10000001,100001,1001,101,10000001,100001,10100,110,101,00000000000000000,00000000,000000,0000,000,10000001,100001,10001,101,101,.,.,.,.,.,.,.,.,.,.,.,.,.,.,.,.,.,.,.,.,.,.,.,.,.,.,.,.,.,.,.,.,.,.,.,.,.,.,.,.,.,.,.,.,.,.,.,.,.,.
090,MR08,í|ïxí¨å√å©,êºï\å√å©,3,2,2,,Ç Ç‘Ç¢,nubi/nubui,nubi,n,u,b,-1,-1,i,.,.,.,.,.,.,.,.,.,.,4,4,0,0,0,1,1,3,2,0,1,1,0,0,0,-1,-1,-1,-1,-1,-1,-1,-1,-1,-1,1,1,1,1,0,.,.,.,.,.,.,.,.,.,.,.,.,.,.,.,.,.,.,.,.,.,.,.,.,.,.,.,.,.,.,.,.,.,.,.,.,.,.,.,.,.,.,.,.,.,.,.,.,.,.,10000000000001000,10001000,100001,1001,101,10000001,100001,10100,110,101,10000000000000001,10000001,100001,1001,101,00000000,000000,00000,000,000,00000000000000000,00000000,000000,0000,000,10000001,100001,10001,101,101,.,.,.,.,.,.,.,.,.,.,.,.,.,.,.,.,.,.,.,.,.,.,.,.,.,.,.,.,.,.,.,.,.,.,.,.,.,.,.,.,.,.,.,.,.,.,.,.,.,.
091,OH06,í|ïxí¨ä±óß,êºï\ä±óß,4,2,3,,Ç Ç‘Ç¢,nu_bi_/k_u_bi,nu_bi_,n,u,b,-1,-1,i:,.,.,.,.,.,.,.,.,.,.,4,4,0,0,0,1,1,3,2,0,1,1,0,0,0,-1,-1,-1,-1,-1,-1,-1,-1,-1,-1,2,1,1,1,0,.,.,.,.,.,.,.,.,.,.,.,.,.,.,.,.,.,.,.,.,.,.,.,.,.,.,.,.,.,.,.,.,.,.,.,.,.,.,.,.,.,.,.,.,.,.,.,.,.,.,10000000000001000,10001000,100001,1001,101,10000001,100001,10100,110,101,10000000000000001,10000001,100001,1001,101,00000000,000000,00000,000,000,00000000000000000,00000000,000000,0000,000,10000010,100001,10001,101,101,.,.,.,.,.,.,.,.,.,.,.,.,.,.,.,.,.,.,.,.,.,.,.,.,.,.,.,.,.,.,.,.,.,.,.,.,.,.,.,.,.,.,.,.,.,.,.,.,.,.
092,IG12,í|ïxí¨â∫ín,êVèÈâ∫ín,3,2,2,,Ç Ç‘Ç¢,nu_bi,nu_bi,n,u,b,-1,-1,i,.,.,.,.,.,.,.,.,.,.,4,4,0,0,0,1,1,3,2,0,1,1,0,0,0,-1,-1,-1,-1,-1,-1,-1,-1,-1,-1,1,1,1,1,0,.,.,.,.,.,.,.,.,.,.,.,.,.,.,.,.,.,.,.,.,.,.,.,.,.,.,.,.,.,.,.,.,.,.,.,.,.,.,.,.,.,.,.,.,.,.,.,.,.,.,10000000000001000,10001000,100001,1001,101,10000001,100001,10100,110,101,10000000000000001,10000001,100001,1001,101,00000000,000000,00000,000,000,00000000000000000,00000000,000000,0000,000,10000001,100001,10001,101,101,.,.,.,.,.,.,.,.,.,.,.,.,.,.,.,.,.,.,.,.,.,.,.,.,.,.,.,.,.,.,.,.,.,.,.,.,.,.,.,.,.,.,.,.,.,.,.,.,.,.
093,OH13,í|ïxí¨ñºêŒ,îgè∆ä‘ñºêŒ,-9,-9,-9,,Ç Ç‘Ç¢,manis___,manis___,-9,-9,-9,-9,-9,-9,.,.,.,.,.,.,.,.,.,.,-9,-9,-9,-9,-9,-9,-9,-9,-9,-9,-9,-9,-9,-9,-9,-9,-9,-9,-9,-9,-9,-9,-9,-9,-9,-9,-9,-9,-9,-9,.,.,.,.,.,.,.,.,.,.,.,.,.,.,.,.,.,.,.,.,.,.,.,.,.,.,.,.,.,.,.,.,.,.,.,.,.,.,.,.,.,.,.,.,.,.,.,.,.,.,?????????????????,????????,??????,????,???,????????,??????,?????,???,???,?????????????????,????????,??????,????,???,????????,??????,?????,???,???,?????????????????,????????,??????,????,???,????????,??????,?????,???,???,.,.,.,.,.,.,.,.,.,.,.,.,.,.,.,.,.,.,.,.,.,.,.,.,.,.,.,.,.,.,.,.,.,.,.,.,.,.,.,.,.,.,.,.,.,.,.,.,.,.
094,YG01,ó^ìﬂçëí¨ëcî[,ó^ìﬂçëëcî[,5,2,3,,Ç Ç‘Ç¢,nu_ÅPbi,nu_bi,n,u:,b,-1,-1,i,.,.,.,.,.,.,.,.,.,.,4,4,0,0,0,2,1,3,2,0,1,1,0,0,0,-1,-1,-1,-1,-1,-1,-1,-1,-1,-1,1,1,1,1,0,.,.,.,.,.,.,.,.,.,.,.,.,.,.,.,.,.,.,.,.,.,.,.,.,.,.,.,.,.,.,.,.,.,.,.,.,.,.,.,.,.,.,.,.,.,.,.,.,.,.,10000000000001000,10001000,100001,1001,101,10000010,100001,10100,110,101,10000000000000001,10000001,100001,1001,101,00000000,000000,00000,000,000,00000000000000000,00000000,000000,0000,000,10000001,100001,10001,101,101,.,.,.,.,.,.,.,.,.,.,.,.,.,.,.,.,.,.,.,.,.,.,.,.,.,.,.,.,.,.,.,.,.,.,.,.,.,.,.,.,.,.,.,.,.,.,.,.,.,.
095,YG03,ó^ìﬂçëí¨î‰êÏ,ó^ìﬂçëî‰êÏ,3,2,2,,Ç Ç‘Ç¢,nubi/nuÅPbi/kubi,nubi,n,u,b,-1,-1,i,.,.,.,.,.,.,.,.,.,.,4,4,0,0,0,1,1,3,2,0,1,1,0,0,0,-1,-1,-1,-1,-1,-1,-1,-1,-1,-1,1,1,1,1,0,.,.,.,.,.,.,.,.,.,.,.,.,.,.,.,.,.,.,.,.,.,.,.,.,.,.,.,.,.,.,.,.,.,.,.,.,.,.,.,.,.,.,.,.,.,.,.,.,.,.,10000000000001000,10001000,100001,1001,101,10000001,100001,10100,110,101,10000000000000001,10000001,100001,1001,101,00000000,000000,00000,000,000,00000000000000000,00000000,000000,0000,000,10000001,100001,10001,101,101,.,.,.,.,.,.,.,.,.,.,.,.,.,.,.,.,.,.,.,.,.,.,.,.,.,.,.,.,.,.,.,.,.,.,.,.,.,.,.,.,.,.,.,.,.,.,.,.,.,.